Player,2PA,3PA,FTA,ORB,DRB,AST,STL,BLK,TOV,PF,PTS,2P%,3P%,eFG%,FT%,TS%
Michael Adams,10.9,5,4.6,0.7,3.2,7.7,1.9,0.1,2.7,2.1,18.1,0.425,0.324,0.444,0.869,0.506
Shareef Abdur-Rahim,14.8,0.8,6.3,2.4,6,2.9,1.2,1,3,2.6,19.8,0.47,0.3,0.469,0.801,0.536
Kareem Abdul-Jabbar*,14.6,0,5.1,2.2,5.5,3,0.7,1.4,2.7,3.6,20.1,0.565,0.333,0.564,0.714,0.597
Kareem Abdul-Jabbar*,15.8,0,5.5,2.2,8,4.2,0.9,3.2,3.4,2.5,23.3,0.604,0,0.604,0.765,0.639
Kareem Abdul-Jabbar*,14.1,0,4.2,1.8,5.6,2.1,0.7,1.4,2.5,3.4,18.2,0.532,0,0.532,0.762,0.57
Kareem Abdul-Jabbar*,17.6,0,6.7,2.4,7.5,3.3,0.7,2.8,3,3,25.3,0.574,0,0.574,0.766,0.616
Kareem Abdul-Jabbar*,13.9,0.1,3.5,2.2,4.9,1.6,0.8,1.8,2,4.2,15.9,0.477,0,0.475,0.739,0.511
Kareem Abdul-Jabbar*,17.5,0,5.9,2.3,6.5,3,0.8,2.8,3.1,3,24.4,0.58,0,0.579,0.706,0.608
Kareem Abdul-Jabbar*,17.3,0,5.2,2.4,6,2.8,0.9,2.4,2.8,3.1,24.3,0.589,0,0.588,0.749,0.619
Kareem Abdul-Jabbar*,17,0,5.4,2.3,5.7,2.9,0.8,2,3,2.9,23.6,0.579,0,0.578,0.723,0.608
Kareem Abdul-Jabbar*,16.5,0,5.4,2.2,6.3,3.4,0.9,2.2,2.7,3.3,23.7,0.6,0,0.599,0.732,0.628
Kareem Abdul-Jabbar*,18.3,0,6,1.8,4.7,3.8,0.9,1.8,2.8,3.4,25.3,0.565,0,0.564,0.765,0.603
Kobe Bryant,14.8,2.1,5.7,1.5,4.4,4.6,1.5,0.9,2.6,3.1,21.2,0.489,0.319,0.488,0.821,0.546
Kobe Bryant,14.4,4.7,8.4,1.1,4.8,5,1.7,0.5,2.9,2.6,26.2,0.49,0.361,0.503,0.84,0.576
Kobe Bryant,16.9,2.6,7.2,1.3,3.8,4.4,1.5,0.6,2.8,2.9,25.1,0.489,0.305,0.484,0.853,0.552
Kobe Bryant,16.7,4.1,6.9,1.1,4.1,4.9,1.5,0.5,2.6,2.3,26.8,0.496,0.351,0.502,0.856,0.561
Kobe Bryant,17.2,1.6,6.9,1.3,3.9,5.1,1.4,0.4,2.6,2.7,23.7,0.489,0.25,0.479,0.829,0.544
Kobe Bryant,16.1,3.8,6.9,1,4,4.6,1.4,0.3,3,2.4,25,0.487,0.329,0.488,0.811,0.545
Terrell Brandon,12.1,3.3,5.3,0.7,2.8,6.8,1.8,0.5,2,2,20.3,0.487,0.387,0.507,0.887,0.573
Terrell Brandon,13.1,3.4,3.7,0.6,3.2,6.2,1.7,0.4,2.2,2.2,19.1,0.455,0.373,0.476,0.902,0.526
Elton Brand,12,0,6.2,4.7,6.3,2.3,1,1.9,2.1,3,17.3,0.527,,0.527,0.742,0.586
Elton Brand,16.6,0,6.6,2.7,6.4,2.4,0.9,2.3,2,2.6,22.7,0.527,0.333,0.527,0.775,0.58
Chris Bosh,14.9,0.6,7.6,2.6,6.8,2.3,0.8,0.9,2.1,2.3,21.5,0.497,0.245,0.492,0.817,0.569
Chris Bosh,16.2,0.3,8.4,2.9,7.9,2.4,0.6,1,2.4,2.4,23.9,0.521,0.364,0.522,0.797,0.592
Chris Bosh,13.3,0.3,6.1,1.8,6.4,1.9,0.8,0.6,1.8,2.2,18.5,0.502,0.24,0.499,0.815,0.569
Chris Bosh,13.8,0.6,5,1.7,6.4,1.8,0.9,0.8,2.1,2.3,18.4,0.496,0.286,0.493,0.821,0.551
Chris Bosh,12.2,1.1,4.4,1.9,5.4,1.8,1,1.5,1.9,2.5,18.1,0.557,0.284,0.546,0.798,0.592
Chris Bosh,10.5,3.1,3.9,1.4,6,1.2,1.1,1.1,1.8,2.7,18.2,0.569,0.339,0.555,0.82,0.597
Chris Bosh,14.1,0.2,7.6,2.7,5.8,2.4,0.7,1,2.1,2.7,20.6,0.511,0,0.505,0.816,0.585
Chris Bosh,13.3,3.9,5.4,1.1,6.1,2.2,0.9,0.6,2.2,1.6,21.5,0.485,0.375,0.503,0.772,0.548
Chris Bosh,14.3,0.5,8,2.5,7.5,2.4,0.5,1.2,2.4,2.2,21.1,0.501,0.343,0.502,0.785,0.577
Chris Bosh,11,4.5,5.4,1,6.9,2.6,0.7,0.7,1.6,2,20.4,0.508,0.365,0.52,0.795,0.571
Chris Bosh,14.9,0.4,8.3,2.6,6.1,2.5,0.9,1,2.3,2.3,22.2,0.496,0.4,0.499,0.844,0.588
Carlos Boozer,16.2,0,5.2,3.3,8.9,3.1,1,0.3,2.7,3.1,21.8,0.561,,0.561,0.685,0.588
Carlos Boozer,16.5,0,5,2.5,8.2,3,1.3,0.5,2.7,3.7,21.8,0.547,0,0.547,0.738,0.581
Mookie Blaylock,9.1,4.2,2,1.4,3.8,9.7,2.6,0.5,2.4,1.8,13.8,0.447,0.334,0.464,0.73,0.487
Rolando Blackman,16.3,0.2,6.2,1.3,2.4,3.5,0.8,0.3,2.3,1.9,21.9,0.497,0.333,0.497,0.884,0.569
Rolando Blackman,14.9,0.5,4.2,1.1,2.4,3.5,0.9,0.3,2.1,1.6,19,0.505,0.302,0.504,0.844,0.552
Rolando Blackman,15.4,0.3,5.2,1.4,2.5,3.7,0.8,0.2,2.1,1.2,20.3,0.512,0.3,0.511,0.828,0.566
Rolando Blackman,16.7,0.4,6.2,1.1,2.6,3.5,1,0.3,2.4,1.8,22.8,0.522,0.138,0.515,0.836,0.576
Otis Birdsong,18.8,0.4,5.1,2.1,2,2.5,1.7,0.3,2.2,2.8,23.2,0.511,0.278,0.508,0.694,0.538
Otis Birdsong,17.6,0.5,6.3,1.7,1.9,3.2,1.3,0.2,2.4,2.4,24.3,0.551,0.286,0.547,0.697,0.58
Otis Birdsong,18.7,0.3,5.3,1.2,1.6,4.4,1.4,0.3,2.8,3,22.7,0.513,0.25,0.51,0.608,0.53
Larry Bird*,15.9,0.8,3.6,2.1,7.8,5,1.8,0.7,3.2,2.7,19.4,0.489,0.27,0.485,0.863,0.528
Larry Bird*,16.2,2.4,4.2,1.1,7.6,6.9,1.3,0.7,3,2.1,22.3,0.494,0.333,0.495,0.93,0.546
Larry Bird*,16.8,0.6,4.7,2.5,7.8,5.5,1.8,0.8,3.1,3,21.7,0.514,0.212,0.507,0.863,0.557
Larry Bird*,12.9,3.1,2.9,0.8,7.2,6.8,1.7,0.9,3,1.9,18.4,0.47,0.389,0.492,0.891,0.53
Larry Bird*,16.9,0.9,5,2.3,8.2,5.5,1.8,0.9,2.9,2.4,22.5,0.516,0.286,0.512,0.84,0.561
Larry Bird*,13.6,2.8,3.5,1,8.4,6.6,0.9,0.7,2.7,1.8,19.7,0.478,0.406,0.5,0.926,0.547
Larry Bird*,17.5,0.9,5,2.2,7.3,6.2,1.7,0.8,2.8,2.3,22.7,0.504,0.247,0.497,0.888,0.552
Larry Bird*,18.6,1.5,5.2,1.9,7.7,6,1.5,1.1,2.8,2.4,26.1,0.529,0.427,0.538,0.882,0.585
Larry Bird*,16.3,2.2,5.7,2.2,7.1,6.4,1.9,0.6,3.1,2.1,24.5,0.506,0.423,0.521,0.896,0.58
Larry Bird*,15.2,2.7,5.5,1.5,6.7,6.8,1.6,0.8,2.9,2.2,24.9,0.547,0.4,0.555,0.91,0.612
Larry Bird*,16.1,1.7,4.4,2.6,7.7,4.5,1.7,0.6,3.2,3.4,21.3,0.481,0.406,0.494,0.836,0.538
Larry Bird*,17.4,2.9,5.5,1.3,7.2,5.7,1.5,0.7,2.6,1.9,27.6,0.546,0.414,0.556,0.916,0.608
Chauncey Billups,7.2,5.2,6.4,0.5,2.6,8.6,0.9,0.1,2.1,2,18.4,0.407,0.433,0.509,0.894,0.602
Chauncey Billups,7.1,4.5,6.2,0.3,3,7.1,1.2,0.2,2,2.3,16.9,0.479,0.345,0.494,0.883,0.591
Chauncey Billups,7.6,4.9,6.2,0.6,2.4,7.6,1.4,0.2,2.3,1.9,18.9,0.479,0.401,0.526,0.918,0.619
Chauncey Billups,7.5,5.1,5.9,0.4,2.7,6.5,1.2,0.2,2.3,2.1,18.1,0.425,0.408,0.501,0.913,0.592
Chauncey Billups,8,5.9,7.4,0.4,2.9,5.9,1.2,0.1,2.6,2.2,20.6,0.441,0.386,0.499,0.91,0.601
Dana Barros,8,4.6,4.2,0.3,2.7,6.7,1.6,0,2.6,1.7,18.3,0.505,0.464,0.575,0.899,0.632
Charles Barkley*,8.7,3.7,7.4,3.8,9,4.4,1.2,0.4,2.7,2.7,18.2,0.569,0.283,0.526,0.694,0.581
Charles Barkley*,12.2,1.9,9.3,4.7,6.8,3.8,1.5,0.8,3,3.1,23.7,0.636,0.216,0.594,0.753,0.653
Charles Barkley*,12.7,1.1,8.7,4.2,6.4,3.6,1.7,0.6,2.8,2.9,23.2,0.632,0.217,0.608,0.749,0.661
Charles Barkley*,14.6,2.2,9.5,3.7,6.1,4.1,1.6,0.5,3,2.5,26.6,0.614,0.284,0.589,0.722,0.635
Charles Barkley*,12.4,1.7,8.2,3.4,7,3.8,1.7,0.5,2.9,2.4,21.6,0.597,0.234,0.567,0.695,0.612
Charles Barkley*,14.6,2.8,7.3,3,8.7,4.8,1.5,0.9,2.9,2.5,24.5,0.561,0.305,0.545,0.765,0.596
Charles Barkley*,13.6,2.8,7.1,3.1,8.3,4.6,1.6,0.6,3.2,2.5,22,0.541,0.27,0.518,0.704,0.563
Charles Barkley*,10.9,1.4,7.4,5.1,7.9,4.3,1.6,1.4,4.2,3.3,20.5,0.643,0.202,0.606,0.761,0.66
Charles Barkley*,13.9,3.3,7.7,3.1,8.4,4.2,1.7,0.7,2.3,3,23.6,0.521,0.338,0.518,0.748,0.572
Charles Barkley*,12.8,1.8,10.8,4.4,6.4,2.9,1.1,1.2,3.5,3.2,25.7,0.63,0.28,0.604,0.751,0.665
Charles Barkley*,13.5,2.4,7.7,3.3,7.9,3.6,1.6,0.8,3,2.8,22.6,0.539,0.28,0.521,0.777,0.585
Vin Baker,12.9,0.3,4.6,3.1,6,3.2,0.9,1.2,2.4,3,15.5,0.487,0.292,0.486,0.593,0.511
Vin Baker,15,0.5,5.2,2.9,5.9,2.3,0.7,1,2.3,3,18.8,0.499,0.208,0.493,0.67,0.527
Vin Baker,13.6,0.6,5.9,3,6.1,2.4,0.9,1.3,2.8,3.1,18.7,0.515,0.278,0.511,0.687,0.553
Vin Baker,14.1,0.1,6.4,3.5,4.5,1.9,1.1,1.1,2.1,3.4,19.2,0.545,0.143,0.543,0.591,0.564
B.J. Armstrong,11.3,1.8,3,0.4,1.8,4.2,1,0.1,1.7,1.9,15.8,0.481,0.444,0.505,0.855,0.547
Gilbert Arenas,10.6,6.2,7,0.9,3.2,4.5,1.5,0.3,2.7,2.7,22.4,0.469,0.365,0.498,0.814,0.565
Gilbert Arenas,12,5.7,8.5,0.6,2.4,5.1,1.7,0.3,3.2,3,25,0.485,0.369,0.507,0.82,0.581
Gilbert Arenas,11.8,7.1,8.8,0.7,3.4,5.4,1.7,0.2,2.9,3,25.8,0.459,0.351,0.484,0.844,0.565
Tiny Archibald*,9.8,0.2,5.5,0.7,1.7,8.4,1.3,0.1,3,2.7,14.2,0.488,0.222,0.485,0.83,0.574
Tiny Archibald*,9.7,0.1,5.3,0.5,1.8,7.9,1,0.2,3.4,2.6,14.1,0.505,0,0.499,0.816,0.582
Tiny Archibald*,10.6,0.3,5.2,0.4,1.5,9,0.9,0,3,2.2,14.3,0.475,0.375,0.477,0.747,0.542
Carmelo Anthony,15.8,4.5,6,1.8,4.8,3.1,1,0.4,2.2,2.2,24.4,0.474,0.341,0.482,0.797,0.531
Carmelo Anthony,18.9,2.2,8.2,2.1,3.6,3.6,1.1,0.3,3.4,2.9,27.2,0.499,0.268,0.489,0.808,0.552
Carmelo Anthony,14.1,4.4,5.7,1.4,6.6,4.3,0.9,0.5,2.5,2.5,22.3,0.461,0.346,0.475,0.824,0.53
Carmelo Anthony,16.9,2.1,7.6,2.3,5,3.3,1.3,0.5,3.2,3.2,25.4,0.509,0.354,0.511,0.786,0.568
Carmelo Anthony,18,2.6,8.4,2.1,4.1,3,1.2,0.4,2.9,3.1,26.6,0.478,0.316,0.478,0.83,0.548
Carmelo Anthony,16.4,3.3,7.9,1.5,5.8,2.9,0.9,0.6,2.7,2.9,25.8,0.47,0.378,0.487,0.838,0.557
Carmelo Anthony,15.8,3.9,7,1.7,4.9,3.8,1.2,0.5,2.8,3,23.9,0.454,0.335,0.463,0.804,0.525
Carmelo Anthony,15.6,6,7.4,1.9,4.7,2.5,0.8,0.5,2.5,3,27.8,0.476,0.379,0.502,0.83,0.56
Carmelo Anthony,14.8,5,6.5,1.8,5.8,2.9,1.1,0.6,2.4,2.7,25.5,0.469,0.402,0.503,0.848,0.561
Kenny Anderson,14.3,1.5,4.9,1,2.7,9,1.8,0.2,3.1,2.3,17.7,0.429,0.303,0.432,0.818,0.491
LaMarcus Aldridge,16.8,0.2,4.9,2.7,5.3,2.4,0.9,0.8,2,2.8,21.5,0.516,0.182,0.513,0.814,0.56
LaMarcus Aldridge,16.8,0.2,4.5,2.3,6.4,2.5,0.8,1.2,1.8,2.4,20.1,0.488,0.143,0.485,0.81,0.53
LaMarcus Aldridge,20.3,0.2,5.2,2.4,8.6,2.6,0.9,1,1.8,2.1,23.1,0.461,0.2,0.459,0.822,0.507
LaMarcus Aldridge,18.8,1.5,5.2,2.5,7.9,1.8,0.7,1,1.7,1.8,23.8,0.475,0.352,0.479,0.845,0.528
LaMarcus Aldridge,16.5,0.3,4.9,2.8,7.4,1.8,0.5,1.4,1.6,2.5,21.4,0.523,0,0.514,0.857,0.566
Danny Ainge,7.5,4.3,2.1,0.7,2.3,6,1.4,0.2,1.8,2.4,15.1,0.534,0.415,0.566,0.878,0.598
Mark Aguirre,21.2,0.7,7.7,2,3.8,4.4,1,0.3,3.5,3.1,28.9,0.532,0.268,0.528,0.749,0.572
Mark Aguirre,19.5,2,7.5,2.4,3.3,3.4,1.1,0.4,2.9,3.3,27.8,0.51,0.353,0.512,0.77,0.56
Mark Aguirre,19.3,2.4,7,2.5,3.5,3.8,1,0.8,2.8,3.1,26.6,0.496,0.302,0.491,0.77,0.539
Tim Duncan,13.9,0.1,4.3,2.8,8.5,3.4,0.8,2.4,2,2,17.1,0.502,0,0.5,0.716,0.537
Tim Duncan,16.7,0.2,8.4,3.2,9,3,0.9,2.6,2.6,2.3,21.9,0.505,0.167,0.502,0.599,0.534
Tim Duncan,16.8,0.1,5.2,2.1,9.7,3.2,0.9,3.2,2.5,2,21.3,0.504,0.286,0.503,0.817,0.554
Tim Duncan,13.1,0.1,5,2.7,8.6,3.7,1,2.4,2.1,2.7,17.3,0.514,0.286,0.513,0.74,0.56
Tim Duncan,16.9,0.1,7.4,3.3,8.7,2.9,0.7,2.8,2.1,2.4,21.9,0.498,0.333,0.498,0.67,0.54
Tim Duncan,15.3,0.1,6.9,3,8.4,3.3,0.9,2.1,2.6,2.8,19.2,0.485,0.4,0.485,0.629,0.523
Joe Dumars*,14,0.8,4.6,0.8,2.1,5.1,0.9,0,2,1.8,18.6,0.485,0.4,0.491,0.9,0.555
Joe Dumars*,14.7,0.5,4.9,0.7,1.5,5.2,1.1,0.1,2.2,1.6,19.3,0.488,0.311,0.487,0.89,0.552
Joe Dumars*,13.4,1.4,5.4,0.9,1.2,4.2,0.8,0.1,2.2,1.6,18.4,0.452,0.408,0.466,0.867,0.538
Joe Dumars*,13.4,3.5,4.6,0.7,1,3.6,0.9,0.1,1.6,1.6,21,0.489,0.375,0.504,0.864,0.555
Joe Dumars*,8.9,4.8,4.9,0.7,1.6,5.2,1,0.1,3.1,2.2,17.2,0.497,0.305,0.483,0.805,0.541
Joe Dumars*,6,4.7,3.2,0.5,1.9,3.9,0.7,0,1.6,1.2,14.3,0.446,0.432,0.535,0.867,0.586
Kevin Duckworth,15.7,0,5.8,3.3,5.3,0.8,0.8,0.7,2.7,4.1,19.4,0.478,0,0.477,0.757,0.531
Kevin Duckworth,15.5,0,4.5,2.5,5.1,1.3,0.5,0.5,2.7,3.6,18.4,0.482,0,0.481,0.772,0.525
Clyde Drexler*,16.8,1.4,5.8,2.8,4,5.8,1.9,0.7,2.6,3,22.9,0.512,0.283,0.505,0.774,0.551
Clyde Drexler*,14.5,2.4,6.6,2.7,4.2,6.2,1.8,0.8,2.9,2.9,22.3,0.509,0.319,0.505,0.794,0.563
Clyde Drexler*,14.9,4.4,6.6,2.2,4.4,6.7,1.8,0.9,3.1,3,24.9,0.51,0.337,0.509,0.794,0.56
Clyde Drexler*,14.7,2.9,6.3,2.7,3.9,6,2,0.8,2.5,3.4,21,0.467,0.233,0.448,0.839,0.517
Clyde Drexler*,13.7,3.4,5.7,2.4,4.5,5.1,1.5,0.5,2.6,3.1,20.1,0.454,0.324,0.46,0.777,0.514
Clyde Drexler*,9.5,4.2,6.1,1.7,5,5.4,1.9,0.4,2.4,2.8,18.1,0.478,0.332,0.484,0.784,0.551
Clyde Drexler*,15.1,0.8,5.3,2.4,3.5,8.4,2.8,0.6,3.9,3.8,19.4,0.49,0.2,0.48,0.769,0.53
Clyde Drexler*,8.9,5.3,4.2,1.9,4,5.6,1.9,0.6,2.5,2.4,17.7,0.493,0.355,0.508,0.75,0.548
Clyde Drexler*,19.1,0.6,6.9,3.1,3.2,5.5,2.4,0.6,2.8,2.9,25.7,0.515,0.212,0.509,0.811,0.564
Clyde Drexler*,18.4,1.2,6.4,3.4,3.8,5.3,2.5,0.6,2.9,3.2,24.9,0.511,0.26,0.504,0.799,0.555
John Drew,18.3,0.1,10.1,3.2,4.2,1.6,1.4,0.4,3.7,4.9,24.3,0.455,0,0.453,0.757,0.532
James Donaldson,5.4,0,2.7,3.5,7.2,0.9,0.6,1.5,1.6,2.5,8.1,0.558,,0.558,0.778,0.616
Vlade Divac,11,0.2,5.2,3.1,6.9,3.4,1.3,1.4,2.9,3.6,14.5,0.486,0.286,0.485,0.691,0.536
DeMar DeRozan,14.3,2.5,7.5,0.6,3.5,3.7,1,0.3,2.1,2.4,21.4,0.451,0.305,0.452,0.824,0.532
DeMar DeRozan,15.8,1.8,8.5,0.8,3.6,3.9,1,0.3,2.3,2.2,23.5,0.458,0.328,0.462,0.846,0.549
Luol Deng,9.1,3.6,2.8,1.3,4.6,2.7,0.9,0.6,1.6,1.4,14,0.43,0.367,0.464,0.77,0.5
Luol Deng,10.7,2.9,3.5,2,3.9,2.8,1,0.4,1.8,1.3,15.3,0.455,0.322,0.461,0.816,0.508
Walter Davis,18.1,0.1,5.7,1.2,3.1,5.3,1.8,0.3,3.8,3.1,25.1,0.565,0,0.563,0.819,0.608
Walter Davis,17.9,0.3,4.1,1,2.3,5,1.6,0.2,3.7,3.2,23.1,0.541,0.412,0.542,0.836,0.579
Walter Davis,16.8,1.2,3.8,0.5,2.3,6.1,1.5,0.2,3,2.9,22,0.532,0.23,0.52,0.863,0.559
Walter Davis,19.5,1.1,4.5,1.2,2.1,5,1.3,0.1,3.1,2.5,25.4,0.529,0.259,0.521,0.862,0.562
Dale Davis,10.2,0,3.4,4.3,8,1.1,0.9,1.6,1.5,3.4,12.6,0.502,,0.502,0.685,0.537
Baron Davis,11,7.8,4.7,0.9,3,6.7,2.1,0.4,2.9,2.4,20.5,0.448,0.321,0.462,0.673,0.492
Baron Davis,9.4,5.2,3.7,1,2.8,7.6,1.9,0.5,2.7,2.6,16.1,0.451,0.356,0.48,0.58,0.498
Antonio Davis,11.4,0,5.6,3.6,6.8,1.4,0.3,2,1.8,3,14.1,0.434,0,0.433,0.754,0.508
Brad Daugherty,14.1,0,7.1,2.2,8,3.1,0.9,0.6,2.6,2.3,20.1,0.525,0,0.524,0.751,0.583
Brad Daugherty,13.7,0,7.3,2.6,7.8,3.6,0.9,1.1,2.5,2.6,21.3,0.571,0,0.57,0.777,0.629
Brad Daugherty,12.2,0,6.6,2.2,7.5,4.2,0.7,0.7,2,2.3,19.2,0.571,0.5,0.571,0.795,0.635
Brad Daugherty,13.1,0,6.4,1.8,6.3,4.1,0.6,0.7,3.3,2.9,18,0.511,0,0.51,0.716,0.563
Brad Daugherty,12.9,0,6.7,2.1,7,3.6,0.8,0.5,2.9,2.2,18.8,0.538,0.333,0.538,0.737,0.594
Adrian Dantley*,17,0,7.1,2.5,4.5,2.6,1.3,0.2,3.1,2.8,25.6,0.577,0,0.576,0.842,0.635
Adrian Dantley*,17.1,0.1,8.3,2,3.3,3.4,1.1,0.2,3,2.6,25.8,0.56,0.286,0.559,0.806,0.622
Adrian Dantley*,17.7,0,9.1,2.6,3.2,3.6,1.1,0.2,3.3,2.8,27.5,0.57,0.333,0.57,0.792,0.631
Adrian Dantley*,17.3,0,11.4,2.2,3.2,3.7,0.7,0,3.2,2.4,29.2,0.559,0.25,0.558,0.859,0.652
Adrian Dantley*,17.6,0,10,2.7,3.2,3.4,1,0.1,3.1,2.4,26.7,0.531,,0.531,0.804,0.607
Adrian Dantley*,18.9,0.1,10.4,2.3,2.8,3.5,0.8,0.1,3,2.7,29.7,0.567,0.091,0.563,0.791,0.629
Terry Cummings,20.2,0,6.1,3.2,6.2,3,1.5,0.9,2.5,3.5,24.6,0.496,0,0.495,0.741,0.536
Terry Cummings,19.7,0.2,5.9,3.6,4.7,2.5,1.4,0.9,2.6,3.4,23.3,0.467,0.467,0.469,0.787,0.518
Dave Cowens*,15.3,0.2,2,2.1,6.8,3.4,1.2,1,1.8,3.6,15.7,0.458,0.083,0.453,0.779,0.477
DeMarcus Cousins,18.9,0.1,9.7,3.3,10.1,3.8,1.6,1.8,4.5,4.3,25.4,0.469,0.25,0.468,0.782,0.545
DeMarcus Cousins,17.9,3.4,10.7,2.6,9.5,3.5,1.5,1.4,4,3.8,28.1,0.472,0.337,0.478,0.723,0.54
Derrick Coleman,14.1,1.6,7.3,3.4,7.9,3.4,0.9,1.8,2.7,2.7,20.2,0.462,0.314,0.463,0.774,0.534
Maurice Cheeks,10.8,0.1,3.5,0.8,2.3,7.9,2.7,0.5,2.6,2.7,14.5,0.545,0.167,0.543,0.754,0.582
Maurice Cheeks,9.9,0.2,3.7,0.6,2,8.3,2.3,0.3,2.6,1.8,13.9,0.542,0.235,0.539,0.842,0.597
Maurice Cheeks,10.6,0.2,4,0.6,2.3,7.4,2.5,0.2,2.4,1.5,14.6,0.533,0.235,0.529,0.777,0.579
Maurice Cheeks,10.6,0.3,3.4,0.7,2.4,8,2.1,0.3,2,1.5,13.6,0.504,0.136,0.497,0.825,0.551
Tyson Chandler,6.7,0,4.3,4.5,7.2,1,0.7,1.2,1.4,3.1,11.5,0.638,,0.638,0.694,0.671
Tom Chambers,18.1,1,7.6,1.4,5.3,2.2,1,0.6,2.6,3.1,26,0.513,0.279,0.508,0.861,0.579
Tom Chambers,17.4,1.1,6.7,1.5,5.6,2.8,0.9,0.8,2.6,3.4,22,0.447,0.274,0.445,0.826,0.513
Tom Chambers,15.5,1.7,7.5,1.9,4.6,2.9,1,0.6,3.2,3.7,22.8,0.466,0.372,0.475,0.849,0.554
Tom Chambers,18.7,1,7.2,1.7,6.5,2.8,1,0.7,2.8,3.2,25,0.479,0.326,0.48,0.851,0.547
Cedric Ceballos,14.7,2.6,5.2,3,5.2,1.9,1.1,0.3,2.5,2.3,22.4,0.528,0.397,0.538,0.716,0.57
Sam Cassell,13.8,2.4,4.2,0.6,2.9,7.5,1.3,0.2,2.8,3.1,20.3,0.504,0.398,0.517,0.873,0.566
Bill Cartwright,13.9,0,6.5,2.2,6.1,1.9,0.5,1.2,2.5,3.2,20.4,0.547,,0.547,0.797,0.608
Vince Carter,15.6,4,5.9,1.3,3.8,4.2,1.4,0.6,2.1,3.1,24,0.463,0.406,0.493,0.798,0.541
Vince Carter,14.3,4.5,7.4,1.7,4.1,4.2,1.2,0.7,2.6,2.9,23.7,0.459,0.341,0.471,0.799,0.536
Vince Carter,13.4,5,6.6,1.3,4.4,4.5,0.9,0.3,2.5,3.1,23.8,0.491,0.357,0.503,0.802,0.559
Vince Carter,16.8,2.7,6.3,1.7,3.8,3.7,1.3,1.1,2,3,24.3,0.475,0.403,0.493,0.791,0.543
Vince Carter,15.2,4.8,6.1,2.1,2.9,3.5,1.4,1,2,2.5,25,0.477,0.408,0.509,0.765,0.551
Vince Carter,15,4.7,4.6,2.1,2.6,3.6,1.4,0.6,2.3,2.9,22.4,0.441,0.387,0.474,0.798,0.515
Vince Carter,15.4,3.2,3.9,1.4,3.2,3.5,1.2,1,1.8,3,21.6,0.493,0.344,0.497,0.806,0.532
Vince Carter,15.7,3.1,5.4,1.2,3.3,4.5,1.1,0.8,2.9,2.7,21.3,0.424,0.383,0.449,0.806,0.501
Joe Barry Carroll,19.3,0,5.7,2.3,5.5,2.8,1.2,1.6,3,3.4,22.7,0.472,,0.472,0.787,0.521
Andrew Bynum,13.5,0.1,5.8,3.3,8.8,1.4,0.5,2,2.6,1.8,19.1,0.56,0.2,0.558,0.692,0.594
Jimmy Butler,12.2,3,7.2,1.1,4,4.3,1.6,0.6,1.8,1.8,20.5,0.481,0.317,0.48,0.823,0.558
Jimmy Butler,10.3,2.8,6.6,1.6,3.8,3,1.6,0.5,1.3,1.5,18.6,0.484,0.378,0.502,0.834,0.583
Caron Butler,13.1,1,4.8,2.1,4.7,3.4,1.9,0.2,2.6,2.7,17.5,0.48,0.25,0.472,0.863,0.537
Caron Butler,11.8,2.9,4.1,1.4,4.6,4.4,2,0.3,2.3,2.5,18.4,0.492,0.357,0.501,0.901,0.558
Kobe Bryant,16.9,3.4,7.5,1.1,4.8,5.1,1.9,0.7,3,2.3,26,0.465,0.383,0.483,0.843,0.55
Kobe Bryant,16.6,4.6,7.6,1.1,4.4,5,1.3,0.2,3.1,2.2,26.9,0.487,0.323,0.487,0.828,0.548
Kobe Bryant,14.1,3.2,7.8,1.5,3.8,4.9,1.6,0.4,2.5,2.6,22.9,0.463,0.327,0.468,0.852,0.551
Kobe Bryant,16.9,4.6,7.3,1.1,4,4.3,1.1,0.3,3.3,1.7,26.1,0.464,0.303,0.462,0.845,0.527
Kobe Bryant,12.5,5.2,8.9,1.3,4,5.3,1.2,0.7,3.6,2.3,24.4,0.472,0.339,0.482,0.816,0.563
Kobe Bryant,14.2,4.9,7.5,0.8,4.4,5.6,1.3,0.3,3.4,2.1,25.5,0.51,0.324,0.504,0.839,0.57
Kobe Bryant,18.2,5.7,9,0.8,3.9,4,1.6,0.3,2.7,2.6,31.1,0.482,0.347,0.491,0.85,0.559
Kobe Bryant,15.8,5.5,7.2,0.8,5.2,5.9,1.4,0.2,3.8,1.9,23.3,0.401,0.293,0.411,0.813,0.477
Kobe Bryant,12.1,3.9,8,1.4,2.9,3.5,1.3,0.7,2.7,3.2,21.4,0.456,0.341,0.469,0.794,0.548
Kobe Bryant,15.6,4.6,8.8,0.9,4.2,4.7,1.3,0.4,2.9,2.4,27.9,0.497,0.344,0.502,0.868,0.58
Kobe Bryant,12,8.6,5.1,0.8,4.1,3.7,1.1,0.3,2.5,2.3,21.2,0.409,0.283,0.416,0.81,0.466
Blake Griffin,16.5,0.6,8.5,2.4,7.1,3.9,1.2,0.6,2.8,3.3,24.3,0.537,0.273,0.533,0.715,0.583
Blake Griffin,17.1,0.4,6.5,1.9,5.8,5.4,1,0.5,2.3,3,22.4,0.504,0.4,0.506,0.728,0.551
Rickey Green,11.5,0.2,3,0.7,2.3,9.7,2.8,0.2,2.2,2,13.9,0.493,0.118,0.487,0.821,0.532
Draymond Green,7.2,3.2,4.3,1.7,8.3,7.7,1.5,1.4,3.3,3.1,14.3,0.529,0.384,0.544,0.685,0.58
A.C. Green,10.1,0.6,4.9,3.5,6,1.2,0.9,0.7,1.5,2.8,14.1,0.489,0.283,0.486,0.751,0.548
Horace Grant,12.2,0.1,3.2,4.3,6.5,3.3,1,1.2,1.5,2.3,14.8,0.528,0,0.524,0.596,0.54
Danny Granger,12.3,6.7,6.8,0.7,4.3,2.7,1,1.4,2.5,3.1,25.7,0.47,0.404,0.518,0.878,0.584
Manu Ginobili,8.6,4.2,7.3,1.2,4.2,4.7,2,0.4,2.8,3.1,19.5,0.517,0.376,0.533,0.803,0.609
Manu Ginobili,8.6,6.5,6.1,0.6,3.8,5.8,1.8,0.4,2.6,2.4,20.7,0.497,0.349,0.509,0.871,0.581
Artis Gilmore*,10.3,0,7.2,2.5,6.5,1.5,0.6,1.6,2.8,3.6,17.8,0.619,0,0.618,0.701,0.661
Artis Gilmore*,10.4,0,6.8,2.8,7.7,2.2,0.6,2.5,3,3.7,18.7,0.67,,0.67,0.705,0.699
Artis Gilmore*,10.8,0,7.1,2.9,7.9,1.8,0.6,2.8,2.9,3.7,19.5,0.652,1,0.653,0.768,0.702
Artis Gilmore*,11.4,0.1,6.4,3.8,8.8,1.6,0.5,2.5,3.3,3.5,19,0.63,0,0.626,0.74,0.668
George Gervin*,22.1,0.5,8.1,1.6,3.8,3.4,1.2,0.7,3.3,2.8,28.9,0.496,0.257,0.494,0.826,0.555
George Gervin*,24.9,0.5,8.2,1.8,3.2,2.4,1,0.6,2.7,2.7,32.6,0.504,0.278,0.502,0.864,0.562
George Gervin*,19.3,0.4,7.7,1.4,3.1,3.4,1.1,0.9,3.1,3.1,26,0.49,0.364,0.491,0.853,0.561
George Gervin*,21.4,0.3,7.1,1.5,2.9,3.1,1.1,0.7,3.1,3.1,27.4,0.491,0.417,0.493,0.842,0.551
George Gervin*,20.2,0.2,6.6,1.4,2.7,3.1,1.1,0.8,3.4,3.6,26.2,0.512,0,0.508,0.844,0.564
George Gervin*,22.6,1.3,7.3,1.9,3.1,2.5,1.3,1,3.1,2.6,31.7,0.54,0.314,0.536,0.852,0.587
Paul George,8.6,5.7,3.3,1.1,6.2,4,1.7,0.6,2.8,2.7,16.7,0.457,0.362,0.491,0.807,0.531
Paul George,10.7,6.2,5.8,0.8,5.9,3.5,1.9,0.3,2.8,2.5,21.6,0.458,0.364,0.49,0.864,0.555
Paul George,11.3,7.3,6.8,1,6.1,4.2,1.9,0.4,3.4,3,23.9,0.439,0.374,0.487,0.856,0.554
Chris Gatling,17.3,0.2,9.2,3.8,6.6,0.8,1.1,0.9,3.4,3.9,25,0.528,0.167,0.526,0.717,0.58
Pau Gasol,13.2,0,5.1,3.2,6.7,3.2,0.6,1.5,1.7,2.4,18.3,0.53,0.333,0.53,0.823,0.589
Pau Gasol,15.1,0.3,4.9,3,9.4,2.8,0.3,2,2.1,2,19.4,0.495,0.462,0.5,0.803,0.55
Pau Gasol,14.8,1,4.6,2.5,10,4.7,0.7,2.2,2.5,2.3,18.9,0.475,0.368,0.48,0.804,0.53
Pau Gasol,13.6,0.1,7.1,2.2,6,4.3,0.5,1.8,2.7,2.1,18.7,0.505,0.25,0.504,0.689,0.555
Pau Gasol,12.5,0,5.3,3.1,6.2,3.4,0.6,1,1.9,2.1,18.3,0.567,0.5,0.567,0.781,0.617
Pau Gasol,12.6,0.1,5.4,3.6,7.4,3.3,0.6,1.7,2.1,2.3,17.8,0.539,0,0.536,0.79,0.593
Marc Gasol,11.1,0.2,4.8,1.8,7,3.1,0.9,1.8,1.8,3.1,14.5,0.489,0.083,0.483,0.748,0.541
Marc Gasol,14.1,0.2,5.9,1.5,6.9,4.1,0.9,1.8,2.4,2.8,18.9,0.5,0.176,0.496,0.795,0.558
Kevin Garnett,14.6,1.3,5.1,2.8,8.4,4.8,1.1,1.4,2.6,2.1,19.4,0.484,0.319,0.484,0.801,0.536
Kevin Garnett,13.4,0.1,3.9,1.4,7.5,3.2,1.2,1,1.8,3,17.3,0.523,0.2,0.521,0.837,0.569
Kevin Garnett,15.3,0.8,5.4,2.6,9.3,5.4,1.2,1.4,2.5,2.2,20.4,0.513,0.282,0.508,0.751,0.553
Kevin Garnett,13.2,0.1,3.5,1.3,8.9,2.8,1.5,0.9,1.9,2.4,17.1,0.53,0.2,0.529,0.862,0.575
Kevin Garnett,17.5,0.5,5.2,2.7,10,4.6,1.3,2,2.4,2.3,22.1,0.506,0.256,0.502,0.791,0.547
Kevin Garnett,14.8,0.3,3.6,1.3,8.1,2.8,1.4,1.1,2,2.7,17.9,0.504,0.125,0.498,0.786,0.535
Kevin Garnett,15.4,0.3,6.3,2.8,9.9,5.4,1.4,1.3,2.6,2.4,21,0.507,0.24,0.504,0.811,0.567
Kevin Garnett,13,0.3,3.3,2.3,5.1,2.8,1.3,2,2.1,2.4,15.7,0.503,0.286,0.502,0.754,0.537
Kevin Garnett,14.1,0.4,6,2.6,9.2,3.7,1.3,1.3,2.2,2.5,20.2,0.532,0.267,0.529,0.81,0.589
Kevin Garnett,14.3,0.2,3.7,2.5,6.3,3.9,1.6,1.7,2.1,2.5,17,0.495,0.188,0.492,0.738,0.527
Kevin Garnett,15.4,0.7,6,2.2,9.5,3.8,1.1,1.5,2.5,2.2,20.5,0.487,0.214,0.48,0.835,0.546
Kevin Garnett,16,0.9,4.5,2.5,8.1,4.5,1.3,1.4,3,2.3,20.6,0.504,0.37,0.507,0.765,0.545
Kevin Garnett,15.1,0.2,5.2,2.1,8,3.8,1.5,1.4,2.1,2.5,20.7,0.545,0,0.539,0.801,0.588
Kevin Garnett,15.8,0.7,5.3,2.5,7.9,4.5,1.2,1.6,2.6,2.3,20.1,0.486,0.288,0.484,0.764,0.531
Kevin Garnett,14.9,0.2,2.7,1.6,8.3,2.9,1.3,1.4,1.8,2.6,18.3,0.534,0.25,0.532,0.841,0.563
World B. Free,21.3,0.3,10.6,1.8,1.5,3.9,1.1,0.4,3.2,2.7,28.6,0.476,0.36,0.477,0.753,0.544
Steve Francis,12.2,3.2,6.5,1.6,4.6,5.6,1.1,0.4,3.4,2.6,19,0.442,0.324,0.451,0.773,0.517
Steve Francis,11.6,2.6,6.5,1.7,3.7,5.4,1.5,0.4,3.2,2.7,18.5,0.453,0.354,0.468,0.8,0.541
Steve Francis,9.8,2.8,4.9,1.3,3.6,5.6,1.6,0.4,3.3,2.9,14.8,0.435,0.292,0.436,0.775,0.501
Sleepy Floyd,9.9,2.2,6.3,0.7,2.5,10,1.7,0.2,3.3,2.3,18.1,0.512,0.384,0.524,0.86,0.608
Michael Finley,14.4,2.6,3.3,1.3,4.1,4.6,1.1,0.3,2,1.8,19.3,0.467,0.401,0.487,0.82,0.522
Michael Finley,13.5,2.7,3.4,1.1,3.3,3.8,1.2,0.3,2,1.8,18.5,0.481,0.346,0.487,0.775,0.521
Patrick Ewing*,18.5,0.1,6.7,2.3,9.5,1.8,0.9,1.9,3.2,3.4,23.5,0.504,0.143,0.503,0.719,0.546
Patrick Ewing*,18,0.2,7,2.7,8.1,2.2,1.1,2.6,3.1,3.3,23.5,0.498,0.286,0.497,0.765,0.551
Patrick Ewing*,17.6,0.3,6.9,1.9,8.8,2.6,0.8,2,3.2,3.4,23.3,0.506,0.286,0.505,0.75,0.555
Patrick Ewing*,16.4,0.1,6.2,2.5,6.6,2.1,1.1,2.1,3.5,3.9,20.3,0.477,0,0.474,0.739,0.526
Patrick Ewing*,18.5,0.4,6,2,8.4,2.1,0.9,2.4,2.9,3.2,22.1,0.472,0.143,0.467,0.761,0.516
Patrick Ewing*,16.7,0,6.7,3.5,6.1,1.8,1.5,3.5,4.1,4.7,23.4,0.556,0,0.555,0.716,0.594
Patrick Ewing*,16.6,0.1,7.3,2.2,8.2,1.9,0.9,2.4,3.4,3.1,21.8,0.49,0.222,0.489,0.754,0.548
Patrick Ewing*,15.9,0.1,6,2.6,6.6,2.3,1.5,3.5,3.3,3.9,22.6,0.57,0,0.567,0.746,0.607
Patrick Ewing*,19,0,7.4,2.7,7.5,2.1,0.9,3.7,3.2,3.7,26.7,0.552,0.25,0.551,0.775,0.599
Patrick Ewing*,19,0.1,7.2,2.3,8.2,2.8,0.9,3,3.4,3.3,25,0.516,0,0.514,0.745,0.561
Patrick Ewing*,17.4,0.1,5.8,2.6,7.9,1.8,1,2.8,2.4,3.2,22.5,0.523,0.167,0.522,0.738,0.563
Julius Erving*,15.3,0.5,5.4,2.5,2.9,3.6,1.6,1.2,3.1,2.9,19.5,0.486,0.281,0.484,0.785,0.537
Julius Erving*,15,1,4.4,2.2,2.8,3.6,1.4,1.8,3,2.6,18.9,0.484,0.264,0.479,0.813,0.527
Julius Erving*,20.4,0.3,6.8,2.8,4.6,4.5,2.2,1.8,3.6,2.7,26.9,0.523,0.2,0.52,0.787,0.568
Julius Erving*,18.9,0.2,6.7,3.1,5.2,4.6,2.2,1.8,3.3,2.9,25.2,0.525,0.222,0.522,0.787,0.572
Julius Erving*,18.3,0.1,7,2.8,4.3,4.1,2.1,1.8,2.8,3,25.5,0.548,0.273,0.547,0.763,0.593
Julius Erving*,17.3,0.1,6.5,2.6,4.7,3.9,1.7,1.9,2.9,3,22.9,0.518,0.286,0.518,0.759,0.566
Julius Erving*,17.5,0.3,6.5,2.5,4.6,4.1,1.9,1.9,3.1,2.9,23.2,0.515,0.333,0.515,0.754,0.562
Julius Erving*,17.4,0.2,6.3,2.4,3.4,3.3,1.9,1.5,3,2.8,22.2,0.497,0.214,0.495,0.765,0.546
Alex English*,21.7,0.1,4.8,2.1,2.6,4.8,0.9,0.3,2.3,2.5,25.6,0.496,0,0.495,0.828,0.535
Alex English*,22.6,0.1,4.6,1.8,2.1,4.6,0.8,0.1,2.4,2.1,26.2,0.492,0.25,0.492,0.858,0.531
Alex English*,18.4,0.1,5.3,2.5,4.2,5.2,1,1.4,3.1,3.1,24.9,0.553,0,0.551,0.84,0.596
Alex English*,22.2,0.1,5.9,3.2,4.1,4.8,1.4,1.5,3.2,2.8,28,0.519,0.167,0.517,0.829,0.561
Alex English*,21.4,0.1,5.4,2.7,3.1,5.1,1,1.2,2.8,3.2,27.2,0.531,0.143,0.529,0.824,0.57
Alex English*,22.2,0.1,5.7,2.5,3.1,4.2,1.2,0.6,3.1,3.2,27.8,0.519,0.2,0.518,0.829,0.561
Alex English*,22.4,0.1,7.1,2.3,2.5,3.8,0.9,0.3,3,2.8,28.7,0.505,0.2,0.504,0.862,0.562
Alex English*,22.2,0.2,5.7,1.7,2.3,4.9,0.9,0.2,2.5,2.5,27.4,0.504,0.267,0.504,0.844,0.549
Dale Ellis,15.5,3.8,5.2,1.8,2.1,1.9,1.2,0.2,2.5,2.2,25.4,0.507,0.478,0.549,0.816,0.589
Sean Elliott,9.1,4.9,5.2,0.9,4.1,2.6,0.9,0.4,2.5,2.2,19.1,0.495,0.411,0.537,0.771,0.585
Sean Elliott,11.3,1.4,4.7,1.2,3.3,3.7,0.9,0.4,2.1,1.8,16.7,0.509,0.356,0.511,0.795,0.566
Mark Eaton,5,0,2.5,2.8,7.6,1,0.5,3.9,1.8,3.6,6.3,0.462,,0.462,0.66,0.513
Kevin Durant,13.3,4.9,8,0.7,5.6,2.5,1,0.9,2.6,1.9,25.6,0.504,0.35,0.509,0.88,0.589
Kevin Durant,13.5,4.9,7.1,0.6,6.9,3.3,1.2,1.1,3.5,1.9,26.2,0.535,0.387,0.547,0.86,0.61
Kevin Durant,12.7,3.9,8.7,0.5,6.9,4.3,1.3,1.2,3.2,1.7,26.3,0.539,0.416,0.559,0.905,0.647
Kevin Durant,13.8,5.7,9.3,0.7,6.2,5.1,1.2,0.7,3.3,2,29.9,0.549,0.391,0.56,0.873,0.635
Kevin Durant,12.1,6.3,6.7,0.6,6.4,4.3,0.9,1,2.9,1.6,27,0.565,0.403,0.578,0.854,0.633
Kevin Durant,12.6,6.5,6.9,0.6,7.7,5,0.9,1.2,3.5,1.9,28.1,0.568,0.39,0.574,0.893,0.634
Kevin Durant,14.6,3.9,9.3,1.2,5.8,2.6,1.2,0.9,3,1.9,27.5,0.506,0.365,0.514,0.9,0.607
Tim Duncan,14.3,0.1,5.4,3.1,7.9,2.5,0.6,2.3,3.1,2.9,19.4,0.553,0,0.549,0.662,0.577
Tim Duncan,14.8,0.1,7.5,2.8,8.4,3.6,0.9,2.5,3,2.7,21.1,0.55,0.111,0.547,0.637,0.579
Tim Duncan,15.9,0.1,7.6,3.3,8.2,2.9,0.8,2.1,3,2.6,21.5,0.494,0.091,0.491,0.761,0.555
Tim Duncan,15.9,0.1,6.3,3.2,8.7,3,0.8,2.1,2.4,2.5,20.5,0.498,0,0.497,0.73,0.546
Tim Duncan,15.6,0.3,7.5,2.9,8.4,2.8,0.8,2.2,2.7,2.8,20.6,0.504,0.259,0.502,0.618,0.536
Tim Duncan,15.8,0,6.9,2.9,8.5,3.8,0.5,1.8,2.4,2.5,20.7,0.505,0,0.504,0.692,0.549
Tim Duncan,16.2,0.1,7.6,2.9,8.4,3.3,0.7,2.2,2.8,2.3,22.6,0.511,0.1,0.508,0.799,0.576
Tim Duncan,15.8,0.2,5.5,3.3,8.4,3.6,0.7,1.7,2.1,2.2,20.6,0.522,0.182,0.519,0.725,0.56
Tim Duncan,15.5,0.2,7.2,2.9,8.9,3.6,0.6,2.7,2.8,2.6,21.3,0.517,0.273,0.515,0.71,0.564
Larry Johnson,14.2,0.8,4.7,3,6.3,3.8,0.6,0.3,2.5,2,19.6,0.54,0.254,0.532,0.767,0.574
Larry Johnson,11.2,2.3,3.9,2.1,4.4,4.1,0.9,0.3,2.3,1.9,17,0.5,0.386,0.513,0.774,0.555
Kevin Johnson,14.5,0.5,7.7,0.5,3,10.9,1.2,0.2,3.4,1.9,21.5,0.51,0.195,0.502,0.838,0.585
Kevin Johnson,14.3,0.6,8,0.7,2.8,10.1,2.1,0.1,3.5,2.3,22.2,0.529,0.205,0.52,0.843,0.604
Kevin Johnson,14,0.4,6.8,0.8,1.6,9.4,1.8,0.1,3.5,1.9,19.7,0.494,0.222,0.49,0.819,0.566
Joe Johnson,8.6,5.6,2.7,0.7,3.1,3,0.7,0.1,1.7,1.8,17.4,0.489,0.401,0.533,0.815,0.564
Joe Johnson,12.6,4.8,4.8,0.8,2.8,3.8,0.9,0.2,2.7,1.8,21.8,0.504,0.381,0.523,0.748,0.558
Joe Johnson,11.3,4.8,4.1,0.9,3.1,5.1,0.9,0.2,2.4,1.8,19.2,0.454,0.381,0.489,0.834,0.535
Joe Johnson,11.6,4.8,4.2,0.7,3.2,5.2,1,0.2,2.2,2,19.5,0.468,0.36,0.489,0.826,0.534
Joe Johnson,12.9,4.4,3.4,0.9,3.5,4.6,1,0.1,1.8,1.8,20.2,0.488,0.369,0.505,0.818,0.538
Joe Johnson,12.1,4.2,3.4,0.8,3.3,4.8,0.7,0.1,2.1,1.8,18.5,0.494,0.297,0.481,0.802,0.517
Joe Johnson,10.3,5.4,3.1,0.9,2.8,3.9,0.8,0.2,2,1.3,19.1,0.489,0.388,0.521,0.849,0.557
Eddie Johnson,16.5,0.2,4.6,1.3,1.4,5.1,1.6,0.3,2.6,3,20.1,0.488,0.385,0.489,0.828,0.538
Eddie Johnson,14.9,0.3,4.8,0.8,1.6,5.4,1.7,0.1,2.6,2.5,19.1,0.508,0.3,0.507,0.784,0.554
Dennis Johnson*,16,0.7,6,2.1,3,4.1,1.8,1,2.8,3.3,18.9,0.431,0.207,0.426,0.78,0.489
Dennis Johnson*,16.1,0.7,6.9,2.2,2.8,4,1.9,0.8,2.9,3.4,20.5,0.446,0.216,0.441,0.82,0.516
Dennis Johnson*,14.5,0.5,6.1,1.7,3.3,4.5,1.3,0.7,2.9,3.1,19.1,0.48,0.19,0.473,0.806,0.54
Dennis Johnson*,12.6,0.3,3.7,1.1,2.7,6.6,1.2,0.5,2.6,2.7,15.2,0.467,0.269,0.466,0.853,0.522
Antawn Jamison,13.6,2.9,4.1,2.2,5,2.1,0.8,0.2,1.6,2.1,18.4,0.457,0.341,0.466,0.76,0.506
Antawn Jamison,12.5,4.2,5.2,2.5,7,1.4,1.2,0.4,1.3,2.3,19.9,0.468,0.339,0.478,0.76,0.525
LeBron James,14.8,3.5,7.9,0.9,5,5.3,1.4,0.6,2.8,1.9,24.1,0.513,0.319,0.507,0.698,0.552
LeBron James,13.6,4.9,7.6,0.7,5.3,7.4,1.6,0.7,3.9,1.9,25.2,0.536,0.354,0.535,0.71,0.577
LeBron James,15.3,4.3,9.2,1.6,5.5,6.4,1.6,1,3,2,26.8,0.531,0.315,0.518,0.712,0.568
LeBron James,15.1,3.8,6.7,1.5,6,6.7,1.4,0.6,3.2,1.9,25.3,0.564,0.293,0.539,0.723,0.577
LeBron James,14.5,4.5,9,1.2,6,6.9,1.6,1.1,2.8,1.6,27.2,0.535,0.344,0.53,0.78,0.591
LeBron James,13.8,4.7,9.4,0.9,5.9,7.9,1.5,0.9,3.2,1.4,27.4,0.56,0.333,0.545,0.767,0.604
LeBron James,14.2,3.3,7.8,0.9,6,6.5,1.5,0.6,3.3,1.9,24.8,0.552,0.33,0.541,0.759,0.594
LeBron James,15.8,2.3,7.8,1.5,6.2,6,1.8,0.8,3.3,1.5,26,0.556,0.362,0.554,0.771,0.605
LeBron James,14.6,3.3,6.8,1.2,5.1,6.1,1.9,0.6,2.8,1.6,23.1,0.499,0.351,0.504,0.75,0.554
LeBron James,13.8,3.2,6.7,1.2,6.4,6.9,1.6,0.8,2.8,1.4,25.5,0.602,0.406,0.603,0.753,0.64
LeBron James,15.5,4.1,8.7,0.8,5.2,5.6,1.3,0.7,2.8,1.9,26.5,0.518,0.335,0.515,0.738,0.568
LeBron James,13,3.8,7.3,1,5.6,6.1,1.5,0.3,3.3,1.6,25.9,0.622,0.379,0.61,0.75,0.649
Mark Jackson,11.4,3.5,3.7,1.5,3.4,9,2,0.1,3.3,2.4,17.7,0.507,0.338,0.507,0.698,0.535
Allen Iverson,18.6,2.6,9.6,0.5,2.2,6.2,1.6,0.1,2.9,1.4,27.6,0.465,0.323,0.467,0.814,0.543
Allen Iverson,14.6,2.6,8,0.3,2.2,6.1,1.6,0.2,3.5,1.2,22.3,0.465,0.315,0.466,0.795,0.54
Allen Iverson,18.6,3.3,7.8,0.9,2.5,4.1,1.8,0.1,2.9,2,25.1,0.435,0.341,0.446,0.713,0.496
Allen Iverson,13.5,2.9,8.4,0.5,2.1,6.2,1.7,0.1,2.6,1.1,22.8,0.482,0.345,0.488,0.809,0.567
Allen Iverson,18.2,3.7,8.7,0.6,2.7,3.9,2.2,0.2,2.9,1.8,26.7,0.441,0.32,0.447,0.814,0.518
Allen Iverson,12.6,1.7,6,0.5,2.5,4.9,1.5,0.1,2.5,1.5,17.1,0.435,0.283,0.434,0.781,0.504
Allen Iverson,12.1,1,5.5,0.7,2.6,4.7,0.8,0.1,2.7,2,16,0.436,0.36,0.445,0.794,0.515
Allen Iverson,19.2,3.7,8,0.6,3.1,4.5,2.3,0.2,3.3,1.4,25.9,0.419,0.291,0.422,0.812,0.489
Allen Iverson,16.9,3.1,7.6,0.7,2.9,4.7,2.3,0.1,3,1.5,23.4,0.44,0.277,0.436,0.774,0.5
Allen Iverson,16.3,3.5,8,0.6,2.5,5.7,2,0.1,3.7,1.5,22.3,0.408,0.286,0.412,0.745,0.478
Allen Iverson,16.8,3.8,8.9,0.6,2.8,6.8,2,0.1,3.9,1.6,26.1,0.451,0.308,0.453,0.835,0.532
Kyrie Irving,12.9,5,4.9,0.7,3,6.2,1.6,0.3,2.7,2.4,21.3,0.458,0.358,0.48,0.861,0.533
Kyrie Irving,11.3,5,4.8,0.7,2.4,5.1,1.5,0.3,2.5,1.9,21.5,0.491,0.415,0.532,0.863,0.583
Kyrie Irving,13.9,4.9,5.1,0.6,3.2,6.2,1.6,0.4,3.4,2.6,23.3,0.474,0.391,0.503,0.855,0.553
Zydrunas Ilgauskas,16.5,0.1,7.6,3.6,5.5,1.9,0.8,2.3,3.1,4.1,20.6,0.443,0,0.441,0.781,0.516
Zydrunas Ilgauskas,13.4,0.1,6.9,4.1,5.1,1.4,0.7,2.3,2.6,4.3,18.2,0.469,0.286,0.469,0.799,0.55
Andre Iguodala,7.2,3.1,3.2,0.9,5.3,5.5,1.7,0.5,1.9,1.5,12.6,0.481,0.394,0.514,0.617,0.537
Juwan Howard,16.3,0.1,4.7,2.1,5.2,3.9,0.7,0.4,3.3,2.9,19.6,0.49,0.308,0.49,0.749,0.53
Josh Howard,12.3,3.5,4.3,1.9,5.1,1.9,1.2,0.8,1.8,2.6,19.4,0.48,0.385,0.501,0.827,0.548
Dwight Howard,10.7,0.1,9.5,3.3,9.2,1.4,1.1,2.5,3,3.8,17.1,0.581,0.167,0.579,0.492,0.573
Dwight Howard,11.9,0.1,9.6,3.5,9.5,2,0.9,1.9,3.4,3.6,19.5,0.594,0.286,0.593,0.547,0.6
Dwight Howard,10.4,0,7.9,3.4,8.6,1.9,0.8,1.9,3.8,2.9,17.2,0.603,0.5,0.603,0.586,0.619
Dwight Howard,11.3,0,10.5,3.3,10.3,1.3,0.9,2.1,3.1,3.2,19.8,0.601,0,0.599,0.59,0.619
Dwight Howard,12.5,0,10.8,4.3,9.7,1.4,1,2.9,3.1,3.4,20.7,0.573,0,0.572,0.594,0.6
Dwight Howard,10.5,0.1,10.3,3.6,10.1,1.8,0.9,2.9,3.5,3.6,19,0.617,0,0.612,0.592,0.63
Dwight Howard,12.7,0.1,11.2,3.8,9.7,1.3,1.3,2.3,3.4,3.2,21.9,0.597,0,0.593,0.596,0.616
Dwight Howard,12.5,0.1,9.9,3.5,10.2,1.8,1.4,2,3,2.8,19.4,0.579,0,0.573,0.491,0.569
Allan Houston,11.7,2.8,3.8,0.4,2.6,2.5,0.7,0.2,2.1,2.5,18.3,0.494,0.436,0.525,0.838,0.569
Allan Houston,12,3.2,3.9,0.3,3.3,2.2,0.7,0.1,2,2.4,18.4,0.467,0.381,0.488,0.909,0.543
Jeff Hornacek,12.3,2.2,3.7,1.2,3.5,4.8,1.8,0.4,2,2.5,19.1,0.525,0.439,0.546,0.886,0.592
Al Horford,10.7,0,3.4,3,7.1,2.4,0.7,1.2,1.5,2.8,14.5,0.551,1,0.552,0.789,0.594
Al Horford,12.2,0.1,2.5,2.4,7.1,3.5,0.8,1.1,1.6,2.6,15.7,0.557,0.5,0.558,0.798,0.587
Al Horford,14.4,0.6,2.2,2,6.4,3.8,1.1,1.5,1.6,1.9,18,0.547,0.306,0.544,0.759,0.563
Al Horford,10.9,3.4,1.7,2.1,6,3.6,0.9,1.7,1.4,2.1,17.2,0.561,0.354,0.554,0.793,0.572
Tyrone Hill,10.4,0,6,4,7.4,0.8,0.8,0.6,2.3,3.7,14.5,0.505,0,0.504,0.662,0.554
Grant Hill,15.4,0.2,5.3,1.2,3.7,3.4,1.5,0.4,2.5,2.2,20.3,0.513,0.231,0.511,0.821,0.565
Grant Hill,13.9,0.4,6.9,1.7,4.3,4.7,1.7,0.8,2.7,2.7,18.7,0.486,0.148,0.479,0.732,0.541
Grant Hill,13.2,0.3,7.1,1.4,7.2,6.1,1.1,0.5,2.9,2.7,17.9,0.468,0.192,0.464,0.751,0.537
Grant Hill,14,0.4,7.2,1.4,6.8,6.7,1.6,0.5,3,2.1,19.6,0.502,0.303,0.5,0.711,0.556
Grant Hill,14.6,0.2,7.1,1,5.8,6,1.6,0.6,3.1,2.1,18.7,0.457,0.143,0.453,0.74,0.52
Grant Hill,17.2,1.3,7.8,1.3,5.1,5,1.3,0.6,3.1,2.5,24.7,0.5,0.347,0.501,0.795,0.565
Roy Hibbert,12.4,0,4.4,4,6.7,2,0.6,2.4,2.4,3.6,15.5,0.498,0,0.497,0.711,0.539
Roy Hibbert,11.2,0.1,4,3,5,1.4,0.4,2.7,2.2,4,13,0.439,0.4,0.44,0.77,0.499
Elvin Hayes*,18.8,0.1,5.4,3,7.1,1.5,0.7,2.1,2.4,3.5,21,0.456,0.231,0.455,0.699,0.492
Hersey Hawkins,11.4,3.1,6.4,0.6,3,3.5,2.1,0.5,2.5,2.1,20.5,0.491,0.4,0.515,0.871,0.592
Devin Harris,11.8,3.2,8.7,0.4,2.9,6.9,1.6,0.2,3.1,2.4,21.2,0.477,0.291,0.469,0.82,0.563
James Harden,10.3,5.9,9.6,0.7,3.8,5.5,1.7,0.5,3.6,2.1,24.4,0.477,0.368,0.504,0.851,0.6
James Harden,9.4,6.3,8.6,0.8,3.7,5.8,1.5,0.4,3.4,2.3,24,0.515,0.366,0.529,0.866,0.618
James Harden,11,6.7,10,0.9,4.6,6.8,1.9,0.7,3.9,2.5,26.8,0.48,0.375,0.511,0.868,0.605
James Harden,11,7.5,9.9,0.7,5.3,7.1,1.6,0.6,4.4,2.7,27.2,0.495,0.344,0.503,0.866,0.595
Tim Hardaway,9.1,6.8,4.2,0.6,2.6,8,1.7,0.1,2.6,1.9,18.9,0.469,0.344,0.489,0.799,0.532
Tim Hardaway,10.1,5.2,3.9,0.6,3,8,1.6,0.2,2.7,2.4,18.1,0.472,0.351,0.49,0.781,0.53
Tim Hardaway,14.5,2.8,4.3,1,2.7,8.9,2.4,0.1,3,2.6,21.1,0.494,0.385,0.508,0.803,0.547
Tim Hardaway,13.1,4.1,4.2,0.9,2.5,8.7,1.8,0.1,2.9,2.2,20.5,0.499,0.338,0.501,0.766,0.537
Tim Hardaway,11.9,4.3,5.1,0.8,2.8,9.6,1.6,0.2,3,2.1,19.6,0.489,0.33,0.491,0.744,0.534
Anfernee Hardaway,11.1,3.1,5.7,1.7,2.4,6.8,1.6,0.3,3.2,2,20,0.558,0.349,0.55,0.769,0.599
Anfernee Hardaway,11.1,3.4,6.9,1.5,2.7,6.9,2,0.5,2.7,1.9,21.3,0.573,0.314,0.549,0.767,0.605
Anfernee Hardaway,10.9,4.3,5.6,1.3,2.9,5.4,1.5,0.6,2.4,2,19.6,0.499,0.318,0.493,0.82,0.554
Anfernee Hardaway,12.8,2.9,6.8,0.5,3.9,3.9,1.6,0.9,2.6,2.6,17.9,0.395,0.3,0.405,0.763,0.479
Richard Hamilton,13.2,2.1,3.3,1.1,2.4,4.4,1.1,0.1,2,2.5,18.5,0.492,0.44,0.515,0.833,0.552
Richard Hamilton,15.3,1.5,3.9,1.1,2.2,3.5,0.7,0.2,2.2,2.6,20.5,0.494,0.458,0.512,0.845,0.553
Richard Hamilton,13.6,1.7,5.3,1,2.7,3.7,0.8,0.2,2.1,3,19.3,0.483,0.341,0.486,0.861,0.551
Tom Gugliotta,14.3,1.1,6.5,2.2,5.9,3.9,1.5,1,3.4,2.7,19.2,0.456,0.258,0.451,0.82,0.526
Blake Griffin,15.6,0.3,8,3.1,8.3,3.6,0.7,0.5,2.6,2.9,21.3,0.51,0.292,0.508,0.642,0.549
Blake Griffin,15.1,0.2,7,3.3,7.5,3.2,0.8,0.7,2.3,3.3,20.6,0.556,0.125,0.55,0.521,0.557
Blake Griffin,14.5,0.4,5.9,2.6,6.6,4.1,1.3,0.7,2.6,3.2,20,0.548,0.179,0.541,0.66,0.572
Karl Malone*,17.4,0.2,9.7,2.6,8,2.9,1,0.9,2.7,2.9,26,0.529,0.286,0.528,0.77,0.596
Karl Malone*,16.7,0.1,8.4,1.4,6.9,4.5,1.2,0.8,3,2.7,23.4,0.499,0.4,0.499,0.793,0.572
Karl Malone*,17.7,0.2,10.2,2.7,8.1,2.8,1.3,0.6,2.9,2.7,26.8,0.53,0.176,0.527,0.778,0.599
Karl Malone*,16.5,0.2,9.7,2.6,8,3.6,1.4,1,2.8,3,25.8,0.557,0.2,0.554,0.74,0.612
Karl Malone*,16.3,0.3,7.6,1.7,6.4,4,1.8,0.7,3.1,2.7,21.2,0.456,0.36,0.457,0.797,0.532
Karl Malone*,16.4,0.3,8,2.5,7.6,3.5,1.4,1.4,2.5,2.9,22.3,0.503,0.25,0.5,0.694,0.55
Karl Malone*,17.4,0.5,8,1.8,8.2,3.3,1.5,1,2.7,3.1,25.2,0.543,0.268,0.54,0.742,0.59
Karl Malone*,17.1,0.5,8.2,2,7.3,4,1.6,0.6,2.3,2.8,24.4,0.522,0.4,0.524,0.723,0.575
Karl Malone*,18.5,0.1,8.9,3.1,8,2.2,1.3,0.6,3.7,3.3,25.5,0.522,0,0.52,0.7,0.568
Karl Malone*,18.7,0.2,8.3,2.3,7.4,4.4,1.4,0.6,2.8,2.6,27,0.555,0,0.55,0.755,0.6
Karl Malone*,17.8,0.2,10.6,3,6.8,2.5,1.7,0.8,3.3,3.3,26.8,0.521,0.313,0.521,0.766,0.592
Karl Malone*,17.4,0.1,9.8,2.2,7.7,3.8,1.1,0.8,2.9,2.8,26,0.531,0.333,0.531,0.761,0.597
Karl Malone*,18.3,0.5,10.5,2.7,7.8,2.6,1.4,0.6,3.5,3,29.3,0.567,0.372,0.567,0.762,0.626
Jeff Malone,18.1,0.2,4.5,0.8,2.7,2.3,0.8,0.1,2,2.2,21.6,0.486,0.176,0.484,0.868,0.533
Jeff Malone,19.3,0.3,5.5,0.7,2.2,3.9,1,0.2,2.4,2,22.9,0.462,0.154,0.458,0.885,0.518
Dan Majerle,11.7,2.9,3.8,1.9,4.2,3.5,1.7,0.5,1.3,2,17.9,0.502,0.382,0.516,0.756,0.551
Dan Majerle,7.4,4.9,2.9,1.4,3,3.5,1.6,0.4,1.5,2,15.6,0.52,0.381,0.541,0.778,0.573
Dan Majerle,5.6,6.4,3.3,1.2,3.2,4,1.1,0.4,1.2,1.8,14.9,0.495,0.363,0.521,0.73,0.555
Jamaal Magloire,10.5,0,6.1,3.5,7.5,1.1,0.6,1.3,2.6,3.6,14.5,0.474,0,0.473,0.751,0.551
Maurice Lucas,14.5,0,5,2.8,8.3,3,0.8,0.6,3.1,3.8,17.7,0.474,0.333,0.474,0.781,0.528
Kyle Lowry,9.7,5.8,4.7,0.8,4.1,7.1,1.6,0.2,2.6,3.2,18.6,0.457,0.338,0.476,0.808,0.527
Kyle Lowry,8.2,6.9,6.4,0.7,4,6.2,2,0.4,2.8,2.7,20.9,0.474,0.385,0.521,0.814,0.585
Kevin Love,11.2,2.9,6.9,4.5,10.8,2.5,0.6,0.4,2.1,2,20.4,0.483,0.417,0.513,0.85,0.593
Kevin Love,13,4.7,7.7,3.8,8.5,1.9,0.8,0.5,2.1,2.6,24,0.475,0.372,0.497,0.824,0.568
Kevin Love,11.8,6.5,8.1,2.9,9.5,4.4,0.8,0.5,2.5,1.8,25.9,0.502,0.376,0.524,0.821,0.591
Brook Lopez,17.5,0,6.3,3.3,4.9,1.1,0.5,2.5,2.1,2.4,23,0.522,0,0.521,0.758,0.567
Reggie Lewis,16.1,0.2,4,1.4,3.2,2.2,1.5,1.2,1.6,3,20,0.507,0.238,0.505,0.851,0.55
Rashard Lewis,9.6,5.8,3.8,1.5,3.7,1.3,1,0.8,1.6,2.1,19.4,0.499,0.4,0.537,0.777,0.571
Rashard Lewis,6.7,7,3.4,1.2,4.5,2.6,1,0.6,2,2.4,17.6,0.482,0.397,0.54,0.836,0.58
Fat Lever,15.3,0.7,3.7,2.4,5.4,7.5,2.6,0.2,2.1,2.5,18.2,0.484,0.211,0.477,0.785,0.516
Fat Lever,15.2,1.1,4.3,2.9,6.4,6.6,2.1,0.2,2,2.2,18.3,0.445,0.414,0.457,0.804,0.504
Kawhi Leonard,12.1,4.4,4.7,1.4,6.1,2.7,1.9,1,1.6,2,23.1,0.526,0.462,0.571,0.88,0.619
David Lee,14.9,0.1,3.9,2.7,8.6,3.5,1,0.5,2.3,3.1,19.6,0.549,0,0.545,0.812,0.584
David Lee,14.3,0,4,2.7,8.3,3.5,0.8,0.3,2.6,3,18.1,0.521,0,0.519,0.797,0.561
Bob Lanier*,13.2,0,4.4,1.7,5.4,4,1.3,1,3,3.8,18.1,0.56,0,0.558,0.752,0.596
Bill Laimbeer,10.8,0.2,3.9,3.5,8.9,3.3,0.6,1.5,2.2,4,14,0.502,0.154,0.498,0.79,0.552
Bill Laimbeer,13,0.1,4.6,4.1,8.5,1.9,0.6,1.1,1.9,3.4,17.9,0.535,0,0.53,0.866,0.59
Bill Laimbeer,14.4,0.2,3.8,3.7,8.9,1.9,0.9,0.9,1.6,3.8,17.9,0.51,0.222,0.507,0.797,0.548
Bill Laimbeer,12.5,0.3,3.5,3.1,9,1.9,0.9,0.9,1.5,3.6,15.9,0.506,0.286,0.504,0.894,0.559
Christian Laettner,11.9,1,5,2.4,5.8,2.6,1.2,0.7,2.5,3.2,17,0.497,0.352,0.5,0.816,0.562
Kyle Korver,2.2,6.7,1.8,0.2,4.3,2.9,0.8,0.6,1.6,2.1,13.6,0.47,0.492,0.671,0.898,0.699
Andrei Kirilenko,9.1,2.5,6.2,2.8,5,3,1.9,2.7,2.7,2.2,16,0.471,0.338,0.479,0.79,0.559
Bernard King*,16.4,0.1,6.3,1.8,4.1,3.5,1,0.3,3.4,3.6,23.1,0.568,0.2,0.567,0.705,0.6
Bernard King*,18.7,0.1,7.6,1.7,3.7,2.2,1,0.2,2.7,3.7,27.4,0.573,0,0.572,0.779,0.619
Bernard King*,22.6,0.2,9.6,2,3.5,3.6,1.2,0.3,3.6,3.3,31.6,0.534,0.1,0.531,0.772,0.585
Bernard King*,22.1,0.6,7.3,1.7,3.1,4.4,0.8,0.2,3.8,2.8,27.2,0.478,0.216,0.475,0.79,0.527
Jason Kidd,10.6,4.7,3.9,2.4,4.2,9.3,2.1,0.3,3.9,1.8,16,0.401,0.336,0.433,0.692,0.468
Jason Kidd,6,3.9,2,1.2,6.3,10,1.7,0.3,3.3,2,10.7,0.387,0.381,0.46,0.818,0.499
Jason Kidd,7.2,2.7,2.4,1.2,4.6,8.6,1.9,0.3,3,1.6,11,0.454,0.313,0.458,0.799,0.502
Jason Kidd,3.2,5.2,1.2,0.6,5,9,1.8,0.4,2.4,1.8,10.3,0.42,0.425,0.554,0.808,0.577
Jason Kidd,9.5,2.3,3.4,1.3,5.3,9.3,1.8,0.4,3.1,2,13.2,0.427,0.337,0.442,0.829,0.498
Jason Kidd,10.2,2.7,4.7,1.1,4.7,8.8,1.9,0.3,3.4,2,15.3,0.442,0.297,0.443,0.814,0.51
Jason Kidd,9.1,4.3,2.9,1.5,5.5,9.5,2.1,0.2,3.4,1.6,14.2,0.424,0.321,0.442,0.814,0.484
Jason Kidd,10.5,4.5,4.9,1.3,4.7,8.6,2.2,0.3,3.6,1.5,18,0.445,0.341,0.465,0.841,0.526
Jason Kidd,9.8,4.3,3.7,1.2,5,9.1,1.8,0.2,3.1,1.6,15.2,0.411,0.321,0.433,0.827,0.485
Jason Kidd,6.7,4.4,2.8,1.7,6.4,9,1.6,0.3,2.6,1.8,12.8,0.448,0.343,0.475,0.778,0.516
Shawn Kemp,14.5,0.1,7,4,7.6,2.2,1.7,2,3,4.6,19.4,0.494,0,0.492,0.712,0.547
Shawn Kemp,13.7,0.1,6.8,4.3,7.5,2.9,2,2.3,3.6,4.3,19.8,0.54,0.25,0.539,0.741,0.593
Shawn Kemp,13.3,0.1,7.9,4.3,7.7,2,1.4,1.6,3.5,4.5,20.6,0.548,0.286,0.548,0.749,0.61
Shawn Kemp,12.7,0.2,9.1,3.8,8.6,2.4,1.3,1.7,4.3,4.1,21.2,0.563,0.417,0.564,0.742,0.631
Shawn Kemp,13.1,0.4,8,3.6,7,2,1.6,1.1,3.7,4.2,19.8,0.515,0.364,0.516,0.742,0.583
Shawn Kemp,15,0.1,7.2,2.8,6.8,2.6,1.4,1.2,3.5,4,18.7,0.446,0.25,0.446,0.727,0.512
Chris Kaman,16.5,0.1,4.2,2.5,7.2,1.7,0.5,1.3,3.1,2.9,19.4,0.492,0,0.49,0.749,0.527
Michael Jordan*,17.5,0.7,3.8,0.8,5.1,3.7,1.5,0.5,2.1,2,19.5,0.45,0.291,0.45,0.821,0.491
Michael Jordan*,19.4,2.8,7.9,1.6,4.8,5.8,2.6,0.6,2.8,2.7,31,0.548,0.376,0.55,0.848,0.606
Michael Jordan*,20.7,1.1,8,1.4,4.4,5.4,2.6,1,2.4,2.7,30.6,0.551,0.312,0.547,0.851,0.605
Michael Jordan*,19.9,1.2,6.8,1.1,4.9,5.7,2.1,0.9,2.3,2.3,27.9,0.533,0.27,0.526,0.832,0.579
Michael Jordan*,20.8,2.7,6.7,1.6,4.5,5,2.6,0.7,2.4,2.2,29.8,0.514,0.352,0.515,0.837,0.564
Michael Jordan*,18,0.6,8.5,1.9,4.2,5.5,2.2,0.8,3.3,3.3,26.5,0.526,0.173,0.518,0.845,0.592
Michael Jordan*,18.5,3,7.7,1.7,4.6,4.1,2.1,0.5,2.3,2.3,29,0.506,0.427,0.525,0.834,0.582
Michael Jordan*,24.7,1.4,10,1.8,3.3,4.2,3,1.7,3.6,3.7,32.6,0.474,0.167,0.462,0.84,0.533
Michael Jordan*,18.5,3.4,6.7,1.3,4.3,4.1,1.6,0.5,1.9,1.8,28.2,0.507,0.374,0.516,0.833,0.567
Michael Jordan*,24.3,0.7,10.7,1.8,2.9,4.1,2.6,1.4,3,2.6,33.4,0.491,0.182,0.484,0.857,0.562
Michael Jordan*,20,1.4,8.2,1.5,3.9,3.2,1.6,0.5,2.1,1.7,26.7,0.482,0.238,0.473,0.784,0.533
Michael Jordan*,21.1,0.6,9.4,1.5,3.4,5.3,2.8,1.4,2.7,2.9,31.2,0.546,0.132,0.537,0.841,0.603
Michael Jordan*,21.9,0.9,5.7,0.9,5,5.3,1.5,0.4,2.8,2,23.7,0.426,0.189,0.42,0.79,0.468
Michael Jordan*,18.8,1.1,8.8,1.6,5.6,7.2,2.6,0.7,3.2,2.7,29.1,0.553,0.276,0.546,0.85,0.614
Eddie Jones,8.3,4.7,4,1.1,2.8,3.2,2.3,0.6,2,2.7,16.5,0.464,0.391,0.508,0.819,0.559
Eddie Jones,7.9,4.6,3.8,1.1,2.7,3,2,0.7,1.8,2,16.7,0.538,0.389,0.555,0.765,0.592
Eddie Jones,10,4.4,5.4,1,3.4,3.9,2.5,0.6,2.1,2.3,18.5,0.45,0.375,0.484,0.864,0.555
Bobby Jones,13.2,0.1,6.1,2.5,5.2,4,1.7,1.3,2.6,4,19.3,0.541,0,0.539,0.813,0.604
Bobby Jones,12.1,0,5.5,1.8,4.7,3.1,1.6,1.8,2.4,3.5,18.1,0.567,0,0.564,0.79,0.62
Steve Johnson,16.7,0,8.5,2.9,5.4,2,0.6,1.1,4.2,5.2,22.7,0.53,0,0.529,0.586,0.554
Marques Johnson,17.7,0.3,4.5,2.5,4.6,4.6,1.3,0.7,2.5,2.7,21.6,0.514,0.2,0.511,0.735,0.543
Marques Johnson,16.4,0.2,5.4,2.2,3.6,3.9,1.5,0.7,2.5,3,21.1,0.516,0.067,0.511,0.76,0.555
Marques Johnson,16.9,0.1,4.9,2.9,4.7,3.7,1.3,0.9,2.5,2.3,22.4,0.546,0.222,0.545,0.791,0.585
Marques Johnson,16.2,0.1,5.4,3.2,4.1,4.9,1.6,0.6,2.7,2.8,21.8,0.556,0,0.552,0.706,0.583
Magic Johnson*,15.7,0.5,7.8,1.5,4.7,12.1,1.7,0.4,3.7,2.1,23.7,0.532,0.205,0.525,0.848,0.602
Magic Johnson*,12.8,0.8,6.7,1.2,4.9,11.7,1.6,0.2,3.7,2,19.2,0.51,0.196,0.497,0.853,0.581
Magic Johnson*,11.8,0.4,6,2.1,5.5,7.3,2.4,0.5,3.9,2.8,17.9,0.54,0.226,0.534,0.81,0.602
Magic Johnson*,11.8,2.3,7,1.4,6.2,12.3,1.7,0.3,3.9,2.1,21.6,0.548,0.314,0.535,0.911,0.625
Magic Johnson*,12.1,0.3,5.2,3,6,8.9,2.5,0.4,3.4,2.7,17.4,0.546,0.207,0.54,0.76,0.59
Magic Johnson*,10.6,3.4,7.8,1.6,4.8,11.1,1.6,0.4,3.5,2,21.6,0.51,0.384,0.526,0.89,0.622
Magic Johnson*,11.3,0.3,4.7,2.7,5.8,10.3,2.2,0.6,3.7,2.5,16.4,0.56,0,0.548,0.8,0.603
Magic Johnson*,8.9,3.1,7,1.3,5.5,12.1,1.3,0.2,3.9,1.8,18.8,0.532,0.32,0.518,0.906,0.623
Magic Johnson*,10.5,0.4,5,1.4,5.5,12.3,2.1,0.7,4.3,2.4,16.5,0.579,0.207,0.569,0.81,0.628
Magic Johnson*,11.2,0.5,6,1.2,5,12.5,1.5,0.3,3.9,2,18.2,0.577,0.189,0.565,0.843,0.637
Magic Johnson*,12.2,0.6,6.1,1.2,4.8,12.7,1.6,0.2,3.8,1.9,18.9,0.541,0.233,0.532,0.871,0.61
Dirk Nowitzki,12.9,4.5,5.2,0.5,6.3,3,1,0.6,1.6,2.3,23.8,0.532,0.398,0.549,0.899,0.603
Dirk Nowitzki,15.1,3.2,7,1.3,7.1,2.6,0.7,1,1.8,1.9,25.1,0.496,0.406,0.515,0.901,0.589
Dirk Nowitzki,12.4,4.3,4.6,0.7,6.5,2.3,0.6,0.5,1.3,2.5,21,0.486,0.38,0.508,0.882,0.56
Joakim Noah,9.3,0.1,3.5,3.9,7,3.9,1.2,2.1,2.6,2.7,11.6,0.485,0,0.481,0.751,0.534
Joakim Noah,10.2,0,4.3,3.6,7.9,5.5,1.3,1.5,2.5,3.1,12.9,0.476,0,0.475,0.737,0.531
Norm Nixon,14.7,1.2,2.7,0.7,2,8.8,1.2,0,3.4,2.2,17.4,0.476,0.333,0.478,0.78,0.507
Norm Nixon,15,0.1,2.7,0.5,1.6,7.8,1.6,0.1,2.8,3.1,17.1,0.495,0.25,0.494,0.808,0.525
Jameer Nelson,9.6,5,2.7,0.6,3.4,6.2,1.4,0.1,2.3,3.4,19.3,0.529,0.453,0.58,0.887,0.612
Calvin Natt,17,0,7.6,2.8,5.4,3.2,1,0.4,2.6,2.5,24.6,0.547,0,0.546,0.793,0.604
Steve Nash,9.2,4.4,3.6,0.6,3.7,10.6,0.8,0.2,3.6,1.5,19.2,0.548,0.439,0.583,0.921,0.632
Steve Nash,8.4,4.6,3.3,0.4,3.2,11.9,0.8,0.1,3.9,1.6,19,0.575,0.455,0.613,0.899,0.654
Steve Nash,7.5,4.9,3.2,0.4,3.3,11.6,0.7,0.1,3.8,1.5,17.8,0.527,0.47,0.597,0.906,0.641
Steve Nash,9.4,3.9,3,0.5,3.2,12.1,0.6,0.2,4,1.5,18,0.54,0.426,0.57,0.938,0.615
Steve Nash,7.6,2.6,2.6,0.5,2.9,12.2,0.7,0.1,4.2,1,14.2,0.58,0.39,0.581,0.894,0.625
Steve Nash,9.5,4.4,3.7,0.6,2.6,8,0.7,0.1,2.9,2.1,18.6,0.495,0.455,0.554,0.887,0.602
Steve Nash,11.2,3.6,4.5,0.8,2.3,7.9,1.1,0.1,2.5,1.8,19.3,0.482,0.413,0.515,0.909,0.576
Steve Nash,8.9,3.1,3.3,0.8,2.7,12,1,0.1,3.4,1.9,16.3,0.526,0.431,0.557,0.887,0.606
Larry Nance,14.3,0,4.2,3.2,5.6,2.6,1.4,1.7,2.2,3,19.8,0.587,0.5,0.588,0.709,0.612
Larry Nance,13.1,0.1,4.8,2.2,6.1,2.3,0.8,2.9,1.7,2.7,17.9,0.541,0,0.539,0.799,0.59
Larry Nance,12.6,0.1,3.2,2.4,6.3,2.9,0.7,2.6,1.4,2.9,16.6,0.551,0,0.549,0.818,0.587
Dikembe Mutombo*,7.7,0,4,4.3,9.8,1.1,0.4,2.8,2,2.8,10.4,0.484,,0.484,0.725,0.547
Dikembe Mutombo*,7.9,0,4.5,3.1,7.5,1,0.4,2.4,1.9,3,11.4,0.501,,0.501,0.764,0.574
Dikembe Mutombo*,11.5,0,6.6,4.2,7.3,2.1,0.6,2.8,3.3,3.6,15.6,0.493,,0.493,0.642,0.54
Dikembe Mutombo*,7.3,0,4.4,3.7,8.2,1.3,0.5,3.7,2.2,3.3,11,0.556,,0.556,0.654,0.595
Dikembe Mutombo*,7.5,0,4.7,3.3,8.3,1.4,0.5,4.4,2,3.4,10.8,0.5,0,0.499,0.695,0.562
Dikembe Mutombo*,8.7,0,5.3,3.2,8,1.3,0.6,3.2,2.3,3,12.9,0.527,,0.527,0.705,0.584
Dikembe Mutombo*,9.2,0,5.6,3.4,8.1,1,0.4,3.4,2.1,3.1,13.6,0.537,,0.537,0.67,0.584
Dikembe Mutombo*,6.9,0,5.1,3.7,10.3,1.3,0.3,3.2,2.1,3,11.4,0.562,,0.562,0.708,0.621
Chris Mullin*,15.2,1.9,4.5,1.4,3.5,3.1,1.9,0.7,2.2,1.8,22.3,0.544,0.366,0.544,0.833,0.586
Chris Mullin*,15.1,2.5,4.3,0.8,3.6,3.1,1.3,0.8,2.6,1.4,22.5,0.519,0.451,0.542,0.81,0.578
Chris Mullin*,17.8,1.2,6.4,1.8,3.9,4.8,2,0.5,3.4,2.1,25.3,0.527,0.23,0.516,0.892,0.581
Chris Mullin*,13.2,3,7.2,1.7,4.2,4.1,1.6,0.6,3,1.8,24.9,0.573,0.372,0.57,0.889,0.643
Chris Mullin*,14.3,1.4,6.3,1.5,3.3,3.6,1.9,0.7,2.7,1.9,22.9,0.56,0.301,0.55,0.884,0.618
Alonzo Mourning*,13.1,0.4,7.9,2.4,6.9,1.4,0.6,2.8,3,3.4,20.1,0.525,0.324,0.524,0.761,0.593
Alonzo Mourning*,14.1,0.4,9.6,2.9,6.9,2.1,0.9,2.5,3.5,3.3,21.9,0.53,0.3,0.527,0.685,0.584
Alonzo Mourning*,13.6,0.1,8.8,2.9,7.2,1.6,0.9,2.9,3.5,4.2,20.3,0.539,0.111,0.535,0.642,0.578
Alonzo Mourning*,15.5,0.1,7.6,2.8,7,1.6,0.5,3.9,2.8,4,22.5,0.553,0,0.551,0.711,0.596
Alonzo Mourning*,12.7,0,6.3,2.7,6.6,1.3,0.4,2.7,2.7,3.8,17.3,0.517,0.333,0.517,0.657,0.558
Alonzo Mourning*,15,0,10.1,3.2,7.7,1.5,0.5,3.4,3.6,3.7,23,0.507,0,0.505,0.762,0.588
Sidney Moncrief,12.7,0.2,6.9,2.7,3.8,4.6,1.7,0.3,2.5,2.5,19.1,0.529,0.071,0.524,0.817,0.601
Sidney Moncrief,15.2,0.1,8,2.6,3.3,4,1.5,0.3,2.6,2.4,22.7,0.528,0.1,0.525,0.826,0.602
Sidney Moncrief,13,0.2,7.3,2.5,3.7,4.2,1.3,0.3,2.5,2.4,19.4,0.501,0.278,0.5,0.848,0.591
Sidney Moncrief,14.9,0.4,7.2,2,3.2,5,1.5,0.5,2.4,2.6,20.9,0.489,0.273,0.487,0.828,0.565
Sidney Moncrief,12,1.4,8.1,1.6,3.1,5,1.4,0.3,2.4,2.5,20.6,0.509,0.32,0.506,0.859,0.604
Mike Mitchell,20.1,0.1,4.3,2.4,3.2,1.6,0.7,0.6,2,2.2,22.7,0.476,0.444,0.477,0.784,0.513
Yao Ming,14.3,0,6.1,2.8,7.7,1.9,0.4,2.1,3.3,3.6,21.1,0.548,1,0.549,0.866,0.618
Yao Ming,12.1,0,5.6,3,7.2,2.1,0.5,2.2,2.6,3.5,16.7,0.498,0.5,0.499,0.811,0.57
Yao Ming,13.7,0,6,2.6,7.2,1.6,0.3,2.1,2.7,3.7,19.1,0.523,0,0.522,0.809,0.586
Yao Ming,14.3,0,7.3,3.1,6.8,0.9,0.5,2.4,2.9,4.4,21.6,0.552,,0.552,0.783,0.614
Yao Ming,16.6,0,7.3,2.7,8,1.6,0.6,1.7,2.7,3.6,23.5,0.519,0,0.519,0.853,0.592
Yao Ming,18.1,0,9.2,2.2,7.8,2.1,0.4,2.1,3.7,3.5,26.6,0.518,0,0.516,0.862,0.601
Yao Ming,15,0,7.2,3,7.4,2.3,0.4,2,3.2,3,21.3,0.508,0,0.507,0.85,0.587
Paul Millsap,10.8,3.3,5.1,2.1,6.5,3.4,2,1,2.5,3,18.3,0.513,0.356,0.518,0.757,0.565
Paul Millsap,11.4,3.1,5.7,2.6,7,3.6,2,1.7,2.5,3.2,19,0.517,0.316,0.508,0.755,0.559
Paul Millsap,12.1,3.1,5.7,2.2,6.9,3.4,1.9,1.1,2.7,3,19.3,0.487,0.358,0.498,0.731,0.545
Reggie Miller*,10.4,4.1,7.1,1.1,2.3,3.5,1.2,0.2,2.5,2,22.7,0.552,0.414,0.572,0.868,0.645
Reggie Miller*,8.4,6.3,5.8,0.4,2.4,3.3,1.3,0.2,2,2.1,21.5,0.498,0.415,0.552,0.897,0.62
Reggie Miller*,9,5.6,6.8,0.5,2.4,3.5,1.1,0.2,2.6,2.4,22.1,0.512,0.41,0.552,0.863,0.625
Reggie Miller*,9,4.9,5.7,0.6,2.4,2.2,1,0.1,1.6,1.9,20.3,0.504,0.429,0.553,0.868,0.619
Reggie Miller*,7.7,4.9,4.9,0.6,2.3,2.3,1,0.3,1.6,1.5,17.7,0.473,0.408,0.527,0.919,0.603
Brad Miller,10.3,0.3,5.7,2.9,6.6,3.1,1,0.7,1.9,3.2,15.1,0.498,0.313,0.497,0.818,0.579
Brad Miller,9.5,0.5,4.5,2.6,7.6,4.3,0.9,1.2,2,3.4,13.9,0.521,0.316,0.518,0.778,0.579
Kevin McHale*,14.7,0,6.1,2.9,5.6,1.5,0.3,1.8,2.1,3.4,21.1,0.557,0.333,0.557,0.765,0.605
Kevin McHale*,14.7,0,6.3,2.6,5.7,2.7,0.4,2,2.2,2.9,21.7,0.574,,0.574,0.776,0.623
Kevin McHale*,15.3,0,6,2.9,6.1,2.3,0.4,2,2.3,2.8,23.6,0.606,0,0.604,0.836,0.655
Kevin McHale*,13.7,0,6.5,2.4,5.7,2.6,0.4,1.4,2.1,2.7,21.8,0.604,,0.604,0.797,0.656
Kevin McHale*,15.1,0.1,6.7,2.8,5.2,2.2,0.3,1.2,2.5,2.8,22,0.548,0,0.546,0.818,0.608
Kevin McHale*,14.7,0.9,5.8,2.7,6.3,2.3,0.4,2.1,2.4,3.3,22.6,0.562,0.333,0.558,0.893,0.623
Kevin McHale*,15.2,0.6,4.8,2.5,5.8,2.2,0.4,2.5,2.4,3.4,21.8,0.559,0.405,0.561,0.829,0.606
Tracy McGrady,15.6,5.4,6.9,0.8,4.6,6.5,1.3,0.5,3,1.9,24.8,0.466,0.331,0.474,0.707,0.515
Tracy McGrady,18.2,1.9,6.8,2.2,4.5,4.1,1.4,1.4,2.3,1.9,24.1,0.468,0.355,0.474,0.733,0.521
Tracy McGrady,16.1,3.5,6.9,1.9,5.5,4.9,1.5,0.9,2.3,1.7,24.1,0.47,0.364,0.483,0.748,0.532
Tracy McGrady,16.6,5.5,8.8,1.5,4.5,5,1.5,0.7,2.4,1.9,29.3,0.481,0.386,0.505,0.793,0.564
Tracy McGrady,14.2,6.9,6.7,1.3,4.1,5,1.3,0.6,2.4,1.7,25.3,0.455,0.339,0.473,0.796,0.526
Tracy McGrady,13.9,4.9,6.3,0.8,4.7,5.1,1.5,0.6,2.3,1.9,22.7,0.468,0.326,0.473,0.774,0.526
Tracy McGrady,16,4.8,7,0.9,5.4,4.6,1.2,0.8,2.5,1.8,23.7,0.434,0.312,0.442,0.747,0.494
Antonio McDyess,16.4,0,6.1,3.4,8.5,2.1,0.6,1.4,2.3,3.1,20.5,0.495,,0.495,0.7,0.538
Xavier McDaniel,18.1,0.7,5.2,2.7,4.2,3.5,1.3,0.7,3,3.1,22.2,0.496,0.28,0.493,0.715,0.528
Anthony Mason,10.6,0,5.2,1.9,6.6,2.7,0.9,0.3,2,2.6,14.3,0.482,,0.482,0.781,0.555
Jamal Mashburn,13.9,3.3,4,0.7,4.7,5,0.9,0.2,2.5,2.1,19.2,0.43,0.389,0.46,0.848,0.507
Kenyon Martin,14,0.4,4.7,2.1,7.7,2.6,1.5,1.3,2.7,3.7,17.4,0.494,0.28,0.492,0.684,0.528
Shawn Marion,11.8,3.9,3.1,2.1,6.1,2.1,2,1,1.7,2.2,18.3,0.473,0.387,0.5,0.851,0.538
Shawn Marion,10.8,3.9,3.1,2.7,7.8,1.8,1.9,1.4,1.4,2.3,18,0.526,0.334,0.52,0.833,0.556
Shawn Marion,11.9,3.2,3.3,2.7,7.8,1.6,1.8,1.5,1.4,2.5,19.5,0.577,0.331,0.56,0.809,0.591
Shawn Marion,9.8,3,3,2.1,7.3,1.6,1.9,1.5,1.4,2.6,16.8,0.587,0.317,0.561,0.81,0.594
Stephon Marbury,13.7,3.3,5.2,0.6,2.3,7.3,1.2,0.2,2.9,2.2,20.1,0.472,0.301,0.468,0.803,0.52
Stephon Marbury,13.3,4.7,6.4,0.7,2.1,7.1,1.1,0.1,2.8,2.1,22.5,0.481,0.328,0.484,0.79,0.54
Danny Manning,17.6,0.4,6.3,2.6,4.2,2.7,1.4,1.3,3,4.2,23.5,0.514,0.267,0.512,0.802,0.565
Danny Manning,16.9,0.2,4.9,1.9,4.8,3.7,1.4,1.2,3.3,3.7,20,0.492,0.176,0.489,0.669,0.519
Moses Malone*,15.6,0,11,4.7,7.9,1.6,0.8,1.5,3.5,2.6,23.6,0.47,0,0.469,0.815,0.577
Moses Malone*,16.6,0,10.4,4.5,7.1,1.2,0.9,0.9,3.5,2.6,23.4,0.459,0,0.458,0.787,0.553
Moses Malone*,18.8,0.2,10,4.9,7,1.7,0.9,1.3,2.9,2,25.5,0.458,0,0.454,0.824,0.545
Moses Malone*,17.7,0.1,9,6.6,7.1,1.7,0.9,1.2,3.4,2.4,24.3,0.504,0,0.502,0.719,0.56
Moses Malone*,14.5,0.1,9.2,5,6.8,1.5,0.8,1,3.3,2.1,21.5,0.488,0.286,0.488,0.788,0.577
Moses Malone*,17.1,0,8.9,5.3,7.8,1.6,0.9,1.7,3.4,2.5,24.7,0.522,0.333,0.522,0.757,0.585
Moses Malone*,13.6,0.2,8.9,4.8,7.1,1.4,1,1.3,3.1,1.9,20.5,0.496,0,0.491,0.789,0.581
Moses Malone*,19.2,0.1,8.8,5.9,6.7,1.5,0.8,1.3,3.1,2.2,26.7,0.52,0,0.519,0.762,0.576
Moses Malone*,16.1,0,9.7,5.5,9.2,1.2,1.1,1.9,3.3,2.5,23.5,0.502,0,0.501,0.761,0.578
Moses Malone*,15.1,0.1,10,4.8,8.2,1.3,1,1.5,3.4,2.6,22.2,0.485,0,0.483,0.75,0.566
Karl Malone*,17.9,0.1,9,2.1,7.5,3.7,1,0.9,2.8,2.8,25.6,0.511,0.25,0.51,0.797,0.582
Terry Porter,8.5,4.2,4.6,0.7,3.1,8.8,2.1,0.2,2.6,2,18.7,0.564,0.415,0.584,0.823,0.632
Terry Porter,9.5,4.3,4.8,0.7,3.2,5.2,1.3,0.1,2.5,1.5,18.4,0.472,0.414,0.519,0.843,0.577
Scottie Pippen*,11.9,1.3,3.4,1.7,4.5,5.1,2.4,1.2,3.2,3.4,15.4,0.514,0.25,0.501,0.675,0.528
Scottie Pippen*,14.6,0.9,4.9,2.1,5.1,6.5,1.8,1.1,2.9,2.8,19.6,0.525,0.2,0.511,0.76,0.555
Scottie Pippen*,14.2,1.1,4,2.3,4.8,5.8,2,0.8,2.8,2.5,17.4,0.491,0.237,0.482,0.663,0.51
Scottie Pippen*,14.1,2.6,5.3,2.3,5.9,5.3,2.8,0.8,3,3,20.7,0.522,0.32,0.515,0.66,0.544
Scottie Pippen*,12,3.8,5.3,2.1,5.5,4.9,2.8,1.1,3.2,2.8,20.2,0.523,0.345,0.522,0.716,0.559
Scottie Pippen*,10.4,5.1,4.1,1.9,4.4,5.8,1.7,0.7,2.6,2.5,19.1,0.507,0.374,0.525,0.679,0.551
Scottie Pippen*,11,4.9,3.4,1.9,4.3,5.4,1.8,0.5,2.5,2.5,19.3,0.522,0.368,0.531,0.701,0.554
Ricky Pierce,17.3,1.9,7.8,1.1,2.1,2.8,1,0.2,2.4,2.8,26.5,0.495,0.397,0.505,0.913,0.586
Paul Pierce,12.9,4.5,7.3,0.8,5.3,4.8,1.5,0.6,3.5,2.7,21.3,0.438,0.299,0.441,0.819,0.517
Paul Pierce,11.3,3.6,8.1,0.9,5.6,4.2,1.6,0.5,2.8,3.1,21.5,0.481,0.37,0.499,0.822,0.583
Paul Pierce,13.4,3.7,9.5,0.9,5.3,4.4,1.2,0.4,3.2,2.6,24.7,0.503,0.354,0.509,0.772,0.582
Paul Pierce,9.2,4.6,6.1,0.7,4.5,4.5,1.3,0.5,2.8,2.5,19.7,0.499,0.392,0.529,0.843,0.599
Paul Pierce,10.4,3.6,6.6,0.7,4.8,3.5,0.9,0.3,2.7,2.6,19.7,0.48,0.391,0.508,0.83,0.582
Paul Pierce,9,3.9,6.5,0.6,4,3.3,1.3,0.5,2.5,2.9,19.4,0.497,0.414,0.535,0.852,0.613
Paul Pierce,9.4,3.9,5.8,0.4,5.1,3.4,1,0.7,2.2,3,19.6,0.547,0.374,0.551,0.86,0.62
Paul Pierce,11.8,5.7,7,0.9,5.3,2.8,1.7,0.9,2.6,2.6,23.4,0.461,0.404,0.508,0.809,0.57
Paul Pierce,14,4.5,8.8,1.2,5.5,4.1,1.6,0.7,3.3,2.6,23.8,0.454,0.302,0.454,0.802,0.532
Paul Pierce,10.7,4.7,6,0.6,4.9,4.8,1.2,0.5,3,2.6,20.5,0.476,0.366,0.499,0.852,0.567
Gary Payton*,12.3,4.3,4,1.2,3,6.5,2.2,0.1,2.4,2.3,20,0.533,0.313,0.517,0.715,0.545
Gary Payton*,10.1,4.5,4.3,0.9,3.4,7.8,2.1,0.2,2.6,2.2,18,0.505,0.338,0.505,0.744,0.544
Gary Payton*,12,5.5,4.4,1.1,4.5,7.7,1.6,0.2,2.4,1.9,20.8,0.497,0.34,0.502,0.735,0.535
Gary Payton*,14.6,3,3.9,0.8,3.2,7.1,1.4,0.3,2.3,2,20.2,0.472,0.375,0.488,0.766,0.522
Gary Payton*,14.6,2.6,3.7,0.9,3.4,8,1.4,0.3,2.3,2,19.8,0.494,0.314,0.49,0.797,0.526
Gary Payton*,13.8,0.7,3.5,1.3,2,6.2,2.3,0.2,2.2,2.8,16.9,0.515,0.278,0.51,0.595,0.526
Gary Payton*,14.4,2,4,0.9,2.9,7.4,1.5,0.2,2.1,2,18.3,0.476,0.297,0.472,0.71,0.504
Gary Payton*,13.3,2.8,4.2,1.3,2.1,7,2.4,0.2,2.4,2.5,20.2,0.553,0.302,0.535,0.716,0.564
Gary Payton*,11.1,3.4,3.5,1.2,2.7,6.9,2.6,0.2,3,2.5,17.8,0.532,0.328,0.523,0.748,0.554
Jim Paxson,17.1,0.3,6.3,0.9,1.4,3,1.8,0.2,2,2.1,23.1,0.522,0.16,0.517,0.812,0.573
Jim Paxson,16.9,0.8,5.5,0.9,1.4,3.4,1.6,0.1,1.9,2.2,23.1,0.525,0.288,0.521,0.841,0.573
Chris Paul,10.9,3.5,5.7,0.6,3.8,11,2.6,0.1,2.4,2.6,19.6,0.498,0.368,0.511,0.855,0.58
Chris Paul,10.3,4.4,4,0.7,4.1,10.6,2,0.2,2.4,2.6,19.7,0.523,0.398,0.545,0.9,0.596
Chris Paul,12.5,3,4.7,0.7,3.1,11.1,2.6,0,2.4,2.2,20.2,0.516,0.369,0.524,0.851,0.576
Chris Paul,11.7,4.9,4.9,0.6,3.9,10.7,2.3,0.2,2.9,2.8,21.5,0.499,0.373,0.517,0.892,0.574
Chris Paul,12.9,2.1,6.3,0.8,4.4,10.3,2.6,0.1,2.8,2.5,21.4,0.525,0.364,0.528,0.868,0.599
Chris Paul,10.7,2.7,4,0.4,3.6,10.1,2,0.2,2.4,2.5,17.7,0.514,0.409,0.534,0.847,0.584
Chris Paul,9.3,2.3,4.8,0.5,3.6,9.8,2.3,0.1,2.2,2.4,15.8,0.482,0.388,0.502,0.878,0.578
Chris Paul,11.2,3.5,5,0.7,2.8,9,2.5,0.1,2,2.3,19.6,0.511,0.371,0.522,0.861,0.581
Chris Paul,9.6,3.6,5,0.8,3.2,10.5,2.6,0.2,2.5,2.2,18.3,0.538,0.328,0.526,0.885,0.594
Tony Parker,15.4,1.1,5.5,0.3,3,8.3,0.9,0.1,2.8,1.5,22.2,0.534,0.353,0.534,0.845,0.588
Tony Parker,15.3,1.2,4.4,0.3,2.5,7,0.6,0.2,2.7,1.6,20.4,0.509,0.373,0.513,0.811,0.555
Tony Parker,14.6,0.5,4.7,0.5,3,6.1,1.1,0.1,3.3,2.1,20,0.556,0.306,0.553,0.707,0.584
Tony Parker,15.2,0.5,5,0.5,3.1,6.1,1.2,0.1,2.8,2,20.6,0.525,0.395,0.527,0.783,0.572
Tony Parker,17.6,1,5.3,0.4,2.9,7.3,1,0.1,2.7,1.6,23.2,0.518,0.292,0.513,0.782,0.556
Tony Parker,15.5,1.1,5.3,0.4,2.8,8.7,1.1,0.1,2.9,1.4,20.5,0.498,0.23,0.488,0.799,0.539
Robert Parish*,13.5,0,4.7,3.4,7.3,2,0.9,1.6,2.6,3,18.3,0.549,,0.549,0.731,0.586
Robert Parish*,12.7,0,3.7,3.1,7.2,2.1,0.8,1.7,2.3,3.2,16.9,0.557,0,0.556,0.735,0.588
Robert Parish*,13.1,0,4.7,3.9,8.1,1.5,0.6,1,2.5,2.8,18.7,0.58,,0.58,0.747,0.616
Robert Parish*,11.9,0,4.6,4,8.6,1,1,1.5,2.3,2.9,17.8,0.599,0,0.598,0.767,0.637
Robert Parish*,18.3,0,6.2,3.8,8.3,2.3,1.3,3.4,3,4.9,24.3,0.545,0,0.545,0.71,0.579
Robert Parish*,17.5,0,5,4.1,8.2,2,1,2.7,3.1,3.8,22.6,0.542,,0.542,0.71,0.571
Robert Parish*,16.5,0,5.7,3.8,8.3,2.1,1.2,2.2,2.7,3.3,22.1,0.551,0,0.55,0.698,0.582
Robert Parish*,14.3,0,4.6,3.1,7.7,1.7,0.7,1.5,2.3,3.3,19.1,0.546,,0.546,0.745,0.584
Robert Parish*,12.8,0,5,3.3,7.3,1.6,0.7,1.3,2.3,2.8,17.6,0.542,,0.542,0.743,0.586
Hakeem Olajuwon*,16.1,0,5.8,3.4,8.2,2.1,1.7,4.2,2.6,3.6,20.6,0.503,0,0.502,0.766,0.553
Hakeem Olajuwon*,17.7,0.1,6.3,3.1,8.7,3.2,1.7,3.8,2.9,3.4,23.8,0.532,0,0.529,0.779,0.577
Hakeem Olajuwon*,18.4,0.2,6,2.5,8,3.2,1.4,3.3,3,3.2,24,0.529,0.421,0.53,0.716,0.565
Hakeem Olajuwon*,15.5,0,6.8,5.4,6.6,1.4,1.2,2.7,2.9,4.2,20.9,0.538,,0.538,0.613,0.564
Hakeem Olajuwon*,19.3,0.2,6.8,2.2,7.6,3.2,1.7,3.1,3,3.2,25.3,0.52,0.188,0.517,0.756,0.563
Hakeem Olajuwon*,17.3,0,7.9,4.9,6.5,2,2,3.4,2.8,4,23.3,0.526,,0.526,0.645,0.56
Hakeem Olajuwon*,19,0.2,7.1,2.3,7.8,3.3,1.5,2.7,3.2,3.1,24.9,0.517,0.214,0.515,0.724,0.558
Hakeem Olajuwon*,17.3,0.1,7.4,4.1,7.1,2.9,1.8,3.3,3,3.8,22.9,0.509,0.2,0.509,0.702,0.554
Hakeem Olajuwon*,17.8,0.2,5.6,2.2,6.9,3,1.5,2.2,3.5,3.1,22.8,0.512,0.313,0.512,0.787,0.558
Hakeem Olajuwon*,17.6,0.1,7,3.8,8.4,2.1,2.1,2.7,3.1,4.1,23,0.516,0,0.514,0.695,0.555
Hakeem Olajuwon*,18.4,0.1,7.8,4,9.1,1.8,2.5,3.4,3.3,3.9,24.2,0.511,0,0.508,0.696,0.552
Hakeem Olajuwon*,18.5,0.1,6.2,3.4,9.8,2.7,2,4.3,3.6,3.6,23,0.502,0.167,0.501,0.713,0.541
Mehmet Okur,9.8,4.5,5.2,2.2,5.7,2.1,0.5,0.5,1.7,3.5,19,0.498,0.384,0.523,0.765,0.571
Charles Oakley,9.3,0,3.8,4.3,7.6,2.7,1.4,0.2,2.4,3.6,11.9,0.48,0,0.478,0.776,0.54
Shaquille O'Neal,18.3,0.1,8.9,3.6,8.3,2.9,0.9,2.7,2.7,3.3,24.8,0.559,0,0.557,0.484,0.556
Shaquille O'Neal,15.9,0,9.4,3.4,7.4,2.3,0.5,2.1,3.3,4.6,23.5,0.6,,0.6,0.469,0.586
Shaquille O'Neal,19,0,11.3,3.4,7.8,2.4,0.6,2.4,2.9,3.2,28.1,0.584,,0.584,0.527,0.587
Shaquille O'Neal,15.2,0,9.3,3.1,6.3,2.5,0.3,1.7,3,4.4,21.9,0.591,,0.591,0.422,0.567
Shaquille O'Neal,18.9,0,9.4,3.8,8.4,3.4,0.4,2.7,2.5,2.9,26.7,0.575,0,0.574,0.524,0.578
Shaquille O'Neal,13.4,0,8.3,3,7.1,2,0.8,1.7,2.7,4,21.3,0.61,0,0.609,0.595,0.623
Shaquille O'Neal,17.5,0,12,3.6,8,3.4,0.6,2.5,2.7,3.2,26.2,0.573,0,0.572,0.513,0.574
Shaquille O'Neal,15.3,0,8.5,4,9.1,1.8,0.7,3.4,3.6,3.8,22.2,0.563,0,0.562,0.592,0.584
Shaquille O'Neal,18.3,0,10.7,3.5,7.1,3,0.6,2,2.5,3,27.1,0.58,0,0.579,0.555,0.59
Shaquille O'Neal,17.7,0,9.5,4.3,7.7,2.2,0.8,2.6,2.5,3.1,26.5,0.6,0,0.599,0.554,0.605
Shaquille O'Neal,17.2,0,10.3,3.7,6.9,2.9,0.5,2.3,2.8,3.3,26.1,0.574,,0.574,0.622,0.602
Shaquille O'Neal,19.6,0.1,10.5,4,7.1,2.6,0.9,2.4,2.5,3.2,28.5,0.585,0,0.583,0.533,0.588
Shaquille O'Neal,13.9,0,9.9,3.6,7.6,2.9,0.5,2.4,2.8,3.3,21,0.584,,0.584,0.49,0.578
Shaquille O'Neal,19.1,0,9.5,3.4,7.7,2.9,0.6,2.1,2.9,3.6,26.5,0.573,0.5,0.574,0.487,0.57
Shaquille O'Neal,15.8,0,11.1,3.7,7.3,2.9,0.5,2.5,2.9,3.8,24.1,0.601,,0.601,0.461,0.583
Jermaine O'Neal,17.8,0.2,5.9,2.5,7.6,2.1,0.8,2.6,2.3,3.2,20.2,0.438,0.111,0.435,0.757,0.489
Jermaine O'Neal,20,0.1,9.2,2,7.1,1.9,0.6,2.1,3.1,4.1,25.1,0.454,0.167,0.453,0.754,0.52
Jermaine O'Neal,15.9,0.2,7.4,2,7.5,2.7,0.5,2.3,3,3.5,20.5,0.474,0.3,0.474,0.709,0.53
Jermaine O'Neal,16.6,0.1,6.5,2.2,7.4,2.4,0.7,2.7,3,3.4,19.6,0.439,0,0.436,0.767,0.5
Jermaine O'Neal,14.9,0.2,5.5,2.5,7.6,1.6,0.6,2.2,2.3,3.6,18.2,0.484,0.071,0.48,0.688,0.521
Jermaine O'Neal,15.6,0.3,6.4,2.5,7.5,1.9,0.8,2.2,2.3,3.5,20.1,0.487,0.333,0.487,0.731,0.539
Dirk Nowitzki,14.9,2.2,7,1.6,7.3,3.4,0.7,0.8,2.1,2.2,24.5,0.515,0.416,0.529,0.904,0.605
Dirk Nowitzki,14.2,2.9,7.1,1.2,7.3,3.5,0.7,0.9,2.1,2.6,23.6,0.504,0.359,0.51,0.879,0.585
Dirk Nowitzki,17.1,2,6.4,1,7,2.3,0.7,0.7,1.9,2.1,24.7,0.493,0.359,0.498,0.89,0.564
Dirk Nowitzki,11.3,4.4,6.4,1.5,7.9,2.3,1,1,1.8,2.8,22.2,0.508,0.397,0.532,0.853,0.599
Dirk Nowitzki,16.3,1.4,6.9,0.9,6.4,2.6,0.8,0.9,1.8,2.5,24,0.487,0.421,0.498,0.915,0.578
Dirk Nowitzki,12.7,4.5,6.3,0.9,8.2,2.8,1.3,0.9,1.8,2.4,23.2,0.493,0.379,0.513,0.881,0.581
Dirk Nowitzki,14.5,2.4,6.4,0.7,6.7,2.7,0.5,0.7,2,2.5,24.2,0.538,0.393,0.545,0.892,0.612
Dirk Nowitzki,12.6,3.6,5.2,1.1,7.2,2.6,1.1,1.3,1.7,2.7,20.7,0.496,0.341,0.5,0.877,0.561
Dirk Nowitzki,14.2,3.7,6.1,0.8,6.4,2.4,0.7,0.5,2,2.2,23.2,0.481,0.368,0.495,0.896,0.564
Dirk Nowitzki,14.5,2.7,8.4,1.1,7.9,2.9,1.2,1.4,2.1,2.6,24.2,0.47,0.399,0.49,0.869,0.578
Wally Szczerbiak,11.7,2.2,3.1,1.4,3.1,3,0.8,0.2,2.1,2.2,17.7,0.517,0.455,0.544,0.831,0.58
Amar'e Stoudemire,14.1,0,7.8,3,7.6,1.1,1,1.5,3.1,3.9,22.4,0.577,0,0.575,0.781,0.637
Amar'e Stoudemire,15.9,0.4,9.3,2.4,7.3,1.6,0.9,2.2,2.3,4,26.7,0.601,0.161,0.592,0.805,0.656
Amar'e Stoudemire,13.7,0.1,7.2,2.1,5.8,1.9,0.9,1.1,2.8,3,21,0.54,0.429,0.541,0.835,0.617
Amar'e Stoudemire,16,0.1,8,2.9,6.4,1,0.7,1.1,2.7,3.6,24.1,0.559,0.167,0.557,0.771,0.615
Amar'e Stoudemire,18.3,0.3,7.5,2.5,5.5,2.5,0.9,1.9,3.1,3.4,24.7,0.503,0.435,0.505,0.792,0.565
Amar'e Stoudemire,16.4,0.2,9.9,2.7,6.2,1.6,1,1.6,2.4,3.5,25.9,0.564,0.188,0.56,0.733,0.617
Peja Stojakovic,11.1,4.2,4.4,1,4.1,2.4,1.1,0.2,1.9,1.6,20.5,0.51,0.416,0.541,0.876,0.592
Peja Stojakovic,9.2,6,3.9,0.9,4.9,2.1,1.1,0.1,1.5,2.1,20.3,0.545,0.382,0.556,0.875,0.6
Peja Stojakovic,9.2,6.1,4.7,1,4.6,1.9,1.2,0.2,1.7,1.8,21.7,0.511,0.433,0.566,0.927,0.624
John Stockton*,7.1,2.9,3.8,0.7,2.4,12.7,2.4,0.3,3.4,2.7,15.1,0.58,0.449,0.607,0.804,0.651
John Stockton*,7.3,2.8,3.5,0.7,2.1,11.3,1.7,0.2,3,2.6,14.9,0.582,0.422,0.596,0.83,0.642
John Stockton*,9.7,0.7,5.1,0.9,1.9,12.7,3,0.2,3.5,2.7,15.9,0.561,0.242,0.547,0.863,0.624
John Stockton*,7.2,2.2,4,0.6,2.3,10.7,2.1,0.2,3.1,2.4,14.7,0.587,0.422,0.598,0.846,0.656
John Stockton*,9.9,1.4,5.3,0.7,1.8,14,2.6,0.2,3.4,2.9,16.6,0.528,0.416,0.54,0.819,0.607
John Stockton*,8.9,1.8,3.8,0.7,2.5,10.4,2.1,0.2,2.6,2.8,14.7,0.53,0.355,0.53,0.86,0.591
John Stockton*,9.4,1.9,5,0.5,2.2,13.5,2.7,0.2,3.5,2.7,16.4,0.541,0.345,0.537,0.836,0.604
John Stockton*,8.8,2.4,4.4,0.8,2.4,13.5,2.9,0.3,3.4,2.8,15.6,0.503,0.407,0.527,0.842,0.59
John Stockton*,9,2.4,4.6,0.8,2.2,12.4,2.5,0.3,3.3,2.8,15.6,0.513,0.385,0.526,0.798,0.584
John Stockton*,8.7,1.8,4.1,0.9,2.3,12.5,2.4,0.3,3.2,2.9,15,0.57,0.322,0.555,0.805,0.608
John Starks,11.2,5.9,4.3,0.6,2.6,6.1,1.7,0.1,3.2,3.3,19.6,0.464,0.335,0.477,0.754,0.516
Jerry Stackhouse,16.3,5.3,9.1,1.1,2.4,4.6,1.1,0.6,3.7,1.8,26.7,0.418,0.351,0.445,0.822,0.521
Jerry Stackhouse,13.3,3.3,8.7,1.3,2.3,4.2,1.2,0.4,3.6,2.1,22.2,0.462,0.288,0.456,0.815,0.545
Latrell Sprewell,10.5,4,4.6,0.8,3.3,3.9,1.8,0.8,2.3,1.6,17.5,0.46,0.361,0.482,0.774,0.532
Latrell Sprewell,11,4.2,5.8,0.8,2.6,3.6,1.5,0.6,3,1.4,18.4,0.473,0.276,0.457,0.781,0.519
Latrell Sprewell,11,4.5,6.3,0.6,3.3,5.4,1.4,0.5,3.5,1.6,20.8,0.488,0.354,0.5,0.843,0.57
Latrell Sprewell,12.9,1.6,4.2,0.6,3.6,3.2,1.3,0.3,2.6,1.9,16.3,0.446,0.304,0.447,0.783,0.497
Rik Smits,17.9,0.1,4.1,2.2,6.5,1.7,0.7,1.5,2.3,4.2,21,0.497,0,0.495,0.783,0.532
Steve Smith,10.4,3.5,5.7,1.7,2.2,3.7,0.9,0.4,2.2,2.8,18.4,0.475,0.351,0.488,0.855,0.563
Jack Sikma,14,0.1,5.9,2.5,8.4,4.3,1.2,1.4,2.4,3.6,18.9,0.492,0.2,0.49,0.852,0.564
Jack Sikma,12.7,0,3.8,2.6,9.2,3.6,0.9,1,2.6,3,15.1,0.476,0,0.475,0.805,0.526
Jack Sikma,16.1,0.1,5.1,2.3,8.2,3.1,1,1.1,2.5,3.5,18.9,0.456,0,0.454,0.823,0.512
Jack Sikma,14.2,0.2,6.2,2.6,9.6,3.3,1.2,1.3,2.5,3.2,19,0.483,0.154,0.48,0.855,0.559
Jack Sikma,14.5,0.1,6.7,3,9.1,3.3,1.2,0.9,2.7,3.7,19.2,0.468,0,0.464,0.837,0.546
Jack Sikma,13.9,0,5.8,2.7,8.3,3.9,1.1,1.1,2.8,3.6,18.8,0.5,0,0.499,0.856,0.572
Lonnie Shelton,14,0.1,3.2,2.2,4.7,3.4,1.3,0.6,2.7,4.3,16.3,0.489,0,0.486,0.783,0.523
Detlef Schrempf,10.2,2.3,6.5,1.7,4.7,3.9,1.2,0.4,2.2,3.1,19.6,0.525,0.514,0.569,0.839,0.641
Detlef Schrempf,9.2,2.6,5.2,1.4,5,4.4,1,0.3,2.5,2.5,16.8,0.531,0.354,0.531,0.801,0.592
Detlef Schrempf,12,0.6,7.6,2.4,6.6,5.7,0.9,0.3,2.8,3.5,18.2,0.493,0.154,0.48,0.804,0.571
Ralph Sampson*,18.2,0.1,5.8,3.9,8.3,2.2,0.9,2.6,3.9,4.5,23,0.524,0.25,0.523,0.661,0.551
Ralph Sampson*,17.4,0.1,5.2,2.6,7.3,2.6,0.9,2,3.8,3.6,21.1,0.504,0,0.502,0.676,0.533
Ralph Sampson*,15.9,0.2,4.7,3.2,7.8,3.6,1.2,1.6,3.6,3.9,18.7,0.492,0.133,0.488,0.641,0.516
Ralph Sampson*,15.3,0.1,5.1,2.4,7.7,3.3,1.1,1.6,3.4,4.6,18.2,0.492,0,0.489,0.624,0.518
Jeff Ruland,12,0.1,7.4,3.1,7.7,3.5,0.8,0.8,4,3.3,19.4,0.582,0.143,0.579,0.733,0.633
Jeff Ruland,11,0.1,7.3,3.2,7.1,4.1,0.8,0.7,4.5,3.2,17.5,0.572,0,0.569,0.685,0.617
Brandon Roy,12.2,3.3,6.5,1.1,3.2,4.5,0.9,0.2,1.9,2,20.8,0.512,0.33,0.508,0.78,0.568
Brandon Roy,12.3,2.8,4.8,1,3.4,5.5,1,0.2,1.8,1.9,18.3,0.48,0.34,0.485,0.753,0.531
Brandon Roy,13.6,2.7,6.3,1.3,3.3,5,1.1,0.3,1.9,1.6,21.9,0.501,0.377,0.512,0.824,0.573
Dan Roundfield,14,0.1,6.5,4.1,7.6,2.6,1.4,1.9,3.2,4.4,18.6,0.5,0,0.499,0.71,0.551
Dan Roundfield,13.7,0,6,3.9,6.8,2.7,1.3,2,3,4.4,18.7,0.528,0,0.527,0.721,0.575
Dan Roundfield,14.7,0.1,6.1,3.7,8,2.6,1,1.5,3,3.4,18.4,0.467,0.2,0.466,0.76,0.527
Derrick Rose,16.5,0.8,4.2,0.8,2.9,5.9,0.7,0.3,2.7,1.2,20.3,0.5,0.267,0.495,0.766,0.532
Derrick Rose,14.4,4.6,6.6,1,3,7.4,1,0.6,3.3,1.6,24.1,0.481,0.332,0.485,0.858,0.55
Derrick Rose,13.7,4.5,6.3,0.7,2.7,8,0.9,0.7,3.1,1.4,22.3,0.475,0.312,0.473,0.812,0.532
Rajon Rondo,10,1,3.4,1.2,3.2,9.6,2.3,0.1,3,2.4,13.5,0.536,0.213,0.517,0.621,0.54
Rajon Rondo,8.9,0.6,1.9,1.2,3,10.8,2.2,0.2,3.3,1.7,10.3,0.491,0.233,0.482,0.568,0.495
Rajon Rondo,9.7,0.8,3.3,1.1,3.6,11.4,1.7,0.1,3.6,1.8,11.6,0.464,0.238,0.456,0.597,0.483
Rajon Rondo,10.5,1.3,2.4,1.1,4.3,10.6,1.8,0.2,3.7,2.4,13.2,0.513,0.24,0.497,0.645,0.516
Dennis Rodman*,7.4,0.1,3.3,5.1,6.9,1.1,0.8,0.9,1.4,4.2,10.9,0.589,0.111,0.582,0.654,0.608
Dennis Rodman*,5.8,1.1,1.5,5.7,11,2.1,0.7,0.8,1.5,2.7,8.7,0.581,0.317,0.564,0.6,0.574
Truck Robinson,14.9,0,4.6,2.5,6.7,2.4,0.8,0.4,2.9,2.6,18,0.505,,0.505,0.629,0.531
Glenn Robinson,16.3,2.4,3.9,1.6,5.1,3.2,1.1,0.8,2.8,2.4,21.4,0.493,0.299,0.487,0.82,0.525
Glenn Robinson,15.1,2.9,3.5,1.3,4.7,2.4,1,0.5,2.8,2.6,21,0.493,0.363,0.502,0.802,0.534
David Robinson*,14.9,0.2,8.6,2.6,8.2,3.4,1.4,3,2.7,2.7,21.5,0.506,0.176,0.503,0.732,0.569
David Robinson*,18.1,0.3,10.3,2.7,6.8,4.2,1.5,2.9,2.8,2.5,26.5,0.51,0.345,0.51,0.749,0.577
David Robinson*,17.2,0.2,9.9,2.7,7.5,2.8,1.6,3.1,2.7,2.7,26.2,0.533,0.3,0.532,0.774,0.602
David Robinson*,16.3,0.1,9.8,3.8,8.1,2.9,1.3,3.2,2.3,3.1,24.5,0.517,0.333,0.517,0.761,0.589
David Robinson*,15.5,0.1,9.7,3.5,7.9,2.9,0.9,2.8,3,3,23.1,0.512,0.25,0.511,0.735,0.581
David Robinson*,15.6,0,10,3.6,8.2,2,1.7,3.8,3.1,3.1,23.9,0.532,0,0.531,0.732,0.597
David Robinson*,14.5,0,7.2,2.7,8.1,2,1.4,2.6,2.3,3.5,20.1,0.513,0,0.512,0.726,0.568
David Robinson*,15.8,0.1,9,3.9,8.5,2.4,1.5,3.7,3.1,3.1,24.4,0.554,0.143,0.552,0.762,0.615
David Robinson*,12.5,0,7.1,3.2,7.3,1.8,1.2,3,1.9,3.2,17.5,0.487,0,0.486,0.747,0.559
David Robinson*,15,0.1,7.9,3.7,8,2.5,2.2,4.3,2.6,3.1,22.2,0.554,0.125,0.552,0.701,0.597
Clifford Robinson,17,0.7,5.8,2.1,4.9,2,1.5,1.4,2.1,3.3,20.8,0.465,0.245,0.461,0.765,0.513
Alvin Robertson,13.3,0.4,4.1,2.3,4.2,5.6,3.8,0.5,3.2,3.7,17.4,0.521,0.276,0.518,0.795,0.563
Alvin Robertson,16.2,0.6,4.3,2.5,3.2,5.6,3.5,0.5,3.2,3.5,19.2,0.474,0.271,0.471,0.753,0.51
Alvin Robertson,15.9,1.1,4.4,2,4,6.7,2.9,0.8,3,3.6,19.5,0.478,0.284,0.475,0.748,0.513
Alvin Robertson,11.7,0.9,3.6,2.6,3.7,6.2,3.4,0.2,2.9,3.8,15.2,0.493,0.365,0.497,0.757,0.538
Doc Rivers,12.3,0.5,6.1,1.2,4.1,10.7,2,0.6,3,3.9,16.3,0.46,0.273,0.458,0.758,0.527
Mitch Richmond*,13.6,2.7,4.9,0.4,2.8,4.6,1.1,0.2,2.7,2.9,20.6,0.495,0.369,0.505,0.845,0.558
Mitch Richmond*,13.9,3.9,6.4,0.9,2.7,3.9,1.3,0.2,2.7,2.6,22.7,0.455,0.407,0.489,0.834,0.551
Mitch Richmond*,12.2,4.8,5.1,0.8,3.3,3.5,1,0.3,2.7,2.6,21.2,0.477,0.368,0.498,0.843,0.551
Mitch Richmond*,10.4,6.3,6,0.7,2.6,3.1,1.5,0.2,2.7,2.8,22.9,0.453,0.437,0.529,0.866,0.591
Mitch Richmond*,12.7,5.5,6.1,0.7,3,3.9,1.4,0.3,2.7,2.4,24.1,0.466,0.428,0.519,0.861,0.578
Mitch Richmond*,12.4,4.7,6.6,0.7,2.5,3.9,1.2,0.2,2.5,2.2,22.7,0.466,0.389,0.498,0.864,0.569
Micheal Ray Richardson,15.6,1.3,3.6,1.8,3.5,7.7,2.8,0.3,2.9,3.2,19,0.488,0.252,0.479,0.767,0.513
Micheal Ray Richardson,11.2,1.3,4,1.8,4.6,9.8,3.1,0.4,4.2,3.1,14.8,0.498,0.245,0.485,0.66,0.517
Micheal Ray Richardson,11.5,1.2,3.8,2,4.2,7.1,2.6,0.4,3.4,2.9,14.7,0.493,0.225,0.479,0.663,0.511
Micheal Ray Richardson,14.7,1.2,3.6,2.1,4.6,6.8,2.5,0.5,3.4,3.7,17.4,0.483,0.188,0.468,0.7,0.498
Glen Rice,10.2,4.6,4.4,1,3.3,2.7,1,0.2,1.9,2.5,19.6,0.492,0.424,0.537,0.837,0.584
Glen Rice,11.5,4.7,5.7,0.7,2.7,1.7,0.8,0.3,1.9,2,22.6,0.48,0.47,0.546,0.867,0.605
Glen Rice,11.9,3.3,5.5,1,2.9,2,0.8,0.2,2,2.2,20,0.464,0.433,0.504,0.849,0.568
Michael Redd,12.8,4.3,5.3,1.4,3.4,2.2,1,0.1,1.4,1.8,21.2,0.47,0.35,0.484,0.868,0.544
Theo Ratliff,9.1,0,4.3,2.5,5.8,1.2,0.6,3.7,2.5,3.3,12.4,0.499,,0.499,0.76,0.562
Zach Randolph,15.2,0.6,5.5,3.9,7.3,1.8,0.9,0.4,2.1,2.7,19.8,0.496,0.288,0.494,0.778,0.546
Zach Randolph,13.8,0.3,4.1,4.3,7.5,1.5,0.8,0.4,2.1,2.5,16.1,0.469,0.087,0.461,0.75,0.506
Mark Price,10.5,2.8,3.9,0.6,2.3,8.3,1.5,0.1,2.8,1.3,18.7,0.548,0.441,0.572,0.901,0.623
Mark Price,10.7,4.4,4.8,0.6,2.3,9,1.6,0.2,2.7,1.9,21,0.53,0.387,0.545,0.947,0.61
Mark Price,10.5,4.4,4.6,0.6,2.5,9.1,1.3,0.2,3,1.6,20.6,0.512,0.416,0.546,0.948,0.609
Mark Price,10.7,4.5,4,0.6,2.9,8.9,1.6,0.2,2.9,1.4,19.9,0.511,0.397,0.536,0.888,0.586
James Worthy*,16.5,0.7,3.5,1.7,3.5,4.3,1.3,0.4,2.2,1.5,18.4,0.457,0.209,0.451,0.814,0.49
James Worthy*,15.7,0.2,4.6,2,3.7,2.9,1.2,1.1,2.2,2.9,22,0.586,0,0.579,0.771,0.613
James Worthy*,15.2,0.2,5,2,3.9,2.9,1.4,1.1,2.1,2.6,20.4,0.545,0,0.539,0.751,0.578
James Worthy*,15.5,0.2,4.1,1.7,3.3,3.9,1,0.7,2.1,2.4,20,0.537,0.125,0.532,0.796,0.571
James Worthy*,15.3,0.3,3.9,2.1,3.9,3.5,1.3,0.7,2.2,2.1,20.2,0.556,0.087,0.548,0.782,0.582
James Worthy*,15.2,0.6,3.9,1.9,3.9,3.5,1.2,0.6,1.9,2.3,20.5,0.557,0.306,0.554,0.782,0.586
James Worthy*,16.3,1.1,3.2,1.3,3,3.3,1.2,0.4,1.5,1.4,20,0.505,0.289,0.501,0.797,0.531
Metta World Peace,11.5,3.2,5.8,1.3,3.8,3.6,2,0.7,2.7,2.6,17.7,0.452,0.31,0.455,0.733,0.511
Kevin Willis,14.4,0.4,4.4,5.1,10.2,2.1,0.9,0.7,2.4,2.7,18,0.493,0.162,0.485,0.804,0.535
Mo Williams,9,5.3,2.9,0.6,2.9,4.2,0.9,0.1,2.3,2.7,18.3,0.486,0.436,0.548,0.912,0.588
Jayson Williams,9.8,0.1,4.5,6.8,6.8,1,0.7,0.8,1.5,3.6,12.9,0.501,0,0.498,0.666,0.541
Gus Williams,19.4,0.5,5.5,1.2,1.9,6.9,2.2,0.5,2.5,2,23.5,0.492,0.225,0.488,0.734,0.526
Gus Williams,17.5,0.6,4.8,0.9,1.7,8.4,2.4,0.3,3,1.5,20.9,0.491,0.047,0.478,0.751,0.517
Deron Williams,10.2,3.3,5.4,0.6,3.3,10.3,1.2,0.2,3.2,2.7,18.2,0.501,0.371,0.515,0.801,0.574
Deron Williams,9.6,4.6,6,0.6,3.2,9.7,1.2,0.2,3.4,2.8,19.1,0.491,0.331,0.493,0.845,0.566
Deron Williams,11.1,6.2,5.5,0.4,2.9,8.7,1.2,0.4,3.9,2.2,20.8,0.446,0.336,0.467,0.843,0.527
Buck Williams,11,0,6.4,4.4,8,1.5,1.1,1.3,3,3.3,17,0.59,0,0.588,0.62,0.611
Buck Williams,11.2,0,5.2,3.9,7.7,1.5,0.9,1.1,2.9,3.4,15.3,0.524,0,0.523,0.676,0.565
Buck Williams,11.2,0,4.9,4.4,8.4,1.4,1.1,1.1,3,3.6,16.2,0.583,0,0.582,0.624,0.603
Dominique Wilkins*,22.3,1.6,8,2.6,3.6,2.7,1.3,0.6,2.7,2,29.3,0.476,0.295,0.474,0.826,0.534
Dominique Wilkins*,19.8,1.3,6.3,3.1,3.6,2.5,1.4,0.6,2.2,1.7,25.2,0.475,0.276,0.472,0.844,0.528
Dominique Wilkins*,18.6,2.3,7.1,2.7,3.8,2.5,1.6,0.6,2.2,1.8,26.7,0.504,0.322,0.502,0.807,0.556
Dominique Wilkins*,16.3,2.9,6.7,3.1,5.5,3.1,1.4,0.8,2.4,1.8,24.6,0.492,0.341,0.495,0.829,0.555
Dominique Wilkins*,17.7,2.9,7.9,2.3,4.3,3.6,1.2,0.5,2.7,1.7,26.5,0.492,0.289,0.484,0.835,0.552
Dominique Wilkins*,17.2,4.3,8.5,2.5,4,3.1,1,0.4,2.5,1.6,28.8,0.49,0.38,0.506,0.828,0.57
Dominique Wilkins*,21.6,0.8,8.3,3.1,4.2,2.4,1.6,0.6,3,2,27.9,0.479,0.186,0.472,0.818,0.536
Dominique Wilkins*,17.7,4,7.1,2.5,4.1,2.3,1.3,0.4,2.3,1.7,26.3,0.474,0.288,0.466,0.847,0.529
Dominique Wilkins*,20.4,1.3,9,2.5,3.4,3.2,1.4,0.6,2.6,1.8,27.8,0.474,0.292,0.472,0.818,0.543
Jamaal Wilkes*,17.6,0.2,4,1.7,3.4,2.8,1.4,0.3,2.5,2.7,21.7,0.53,0.077,0.526,0.758,0.556
Jamaal Wilkes*,18.1,0.1,3.8,2.1,2.8,2.6,0.9,0.2,2.1,3.1,22.2,0.533,0,0.53,0.757,0.558
Paul Westphal,16.5,1.3,6,0.6,1.9,5.6,1.6,0.5,2.8,2.2,24.2,0.544,0.28,0.535,0.862,0.593
Paul Westphal,15.9,0.8,6.1,0.4,1.9,4.9,1.5,0.5,2.6,2.3,20.1,0.453,0.24,0.448,0.832,0.517
Russell Westbrook,16.3,1.3,8,1.5,3.3,8.5,2,0.4,4,2.6,22.7,0.451,0.33,0.454,0.842,0.538
Russell Westbrook,16.5,3,6.4,1.5,3.2,5.6,1.7,0.3,3.7,2.3,24.1,0.482,0.316,0.481,0.823,0.538
Russell Westbrook,15.5,3.8,7.2,1.4,4,7.6,1.8,0.3,3.4,2.4,23.9,0.466,0.323,0.47,0.8,0.532
Russell Westbrook,18.5,4.5,10.2,1.9,5.7,9,2.2,0.2,4.6,2.9,29.5,0.457,0.299,0.455,0.835,0.536
Russell Westbrook,14.6,4.3,7.5,1.9,6.2,10.9,2.1,0.3,4.4,2.6,24.7,0.505,0.299,0.492,0.813,0.556
David West,16.1,0.3,4.4,2.3,6.2,2.2,0.8,1.2,2.1,2.6,19.6,0.487,0.24,0.484,0.85,0.535
David West,15.3,0.3,5,1.9,5.9,2.1,0.6,0.8,2,2.5,19.2,0.477,0.24,0.474,0.884,0.54
Scott Wedman,16.7,0.3,2.8,1.7,4.2,2.2,1.3,0.7,1.7,3.5,19.8,0.516,0.318,0.515,0.801,0.541
Chris Webber,18.4,0.3,5.9,2.6,6.9,4.5,1.6,1.3,2.7,3.1,23,0.499,0.263,0.497,0.749,0.54
Chris Webber,19.4,0.3,4.9,2.2,7.5,5,1.5,1.2,3,2.8,21.2,0.465,0.238,0.463,0.607,0.485
Chris Webber,13,1.9,4,3.1,6.5,4.2,1.6,1.8,3,3.3,18.5,0.535,0.397,0.543,0.565,0.554
Chris Webber,18.2,1.2,5.2,2.4,7.5,4.3,1.5,1.6,2.7,3.3,22.9,0.496,0.284,0.492,0.751,0.53
Chris Webber,20.4,0.4,5.9,2.3,7.6,3.7,1.2,1.5,2.5,2.9,24.1,0.488,0.071,0.481,0.703,0.516
Kermit Washington,10.3,0,4.9,4.4,7,2.3,1,1.8,2.3,4.2,14.5,0.555,0,0.553,0.642,0.584
Rasheed Wallace,8.5,4.8,2.3,1.3,6.6,2.1,1.4,2,1.3,3.3,15,0.476,0.356,0.497,0.767,0.523
Rasheed Wallace,12.6,0.6,4.2,1.6,5.5,1.8,1.1,1.4,2,2.7,16.8,0.537,0.16,0.522,0.704,0.556
Rasheed Wallace,12.4,2,3.9,1.8,5.6,2.6,1.1,1.7,1.9,2.5,18.1,0.53,0.321,0.523,0.766,0.56
Rasheed Wallace,8.2,5.6,2.4,1.2,5.9,2.4,1.1,1.7,1.1,3,15.7,0.48,0.357,0.503,0.743,0.527
Gerald Wallace,9.3,1.6,6.3,1.7,7.1,1.9,1.4,1,2.1,2.2,16,0.503,0.371,0.511,0.776,0.586
Ben Wallace,5.4,0.1,2.4,3.7,10.4,1.5,1.3,2.9,1.1,2.2,6.3,0.485,0.167,0.482,0.45,0.486
Ben Wallace,8.7,0.1,3.4,3.8,8,1.6,1.7,2.9,1.5,1.9,9.1,0.424,0.125,0.422,0.49,0.441
Ben Wallace,8.7,0.1,4.1,3.9,8.2,1.7,1.4,2.4,1.1,2.1,9.7,0.458,0.111,0.454,0.428,0.459
Ben Wallace,5.7,0,3.7,3.7,7.7,2,1.8,2.3,1.1,2,7.4,0.514,0,0.51,0.416,0.501
John Wall,12.4,3.7,4.8,0.5,3.6,8.7,1.8,0.5,3.6,2.6,19.1,0.458,0.351,0.473,0.805,0.524
John Wall,12,2.8,4.6,0.5,4.2,10.1,1.8,0.6,3.9,2.3,17.6,0.478,0.3,0.473,0.785,0.523
John Wall,13.3,4.2,4.5,0.6,4.3,10.1,1.9,0.7,4.1,2,20.1,0.452,0.351,0.47,0.793,0.514
Antoine Walker,15.6,3.2,5.2,3,6.2,3,1.6,0.7,3.2,2.9,20.3,0.447,0.312,0.45,0.645,0.481
Antoine Walker,11,6.8,3.4,1.6,6,4.3,1.3,0.4,2.7,2.5,19,0.425,0.344,0.46,0.741,0.49
Antoine Walker,10.8,6.5,3.2,1.1,5.2,4.2,1.3,0.3,2.9,2.5,17.5,0.427,0.323,0.449,0.615,0.467
Dwyane Wade,17.3,1.2,6.6,1.6,3.6,5,1.8,1.4,2.9,2.4,24,0.513,0.268,0.506,0.791,0.559
Dwyane Wade,15.4,0.5,9.2,1.3,3.5,6.3,1.5,1,3.9,2.8,22.4,0.485,0.289,0.483,0.762,0.561
Dwyane Wade,15.5,1,6.4,1.3,3.9,5.3,1.9,0.8,2.9,2.1,22,0.537,0.258,0.528,0.725,0.571
Dwyane Wade,16.6,0.9,10,1.3,4,6.3,1.8,0.7,3.3,2.7,25.4,0.513,0.171,0.499,0.783,0.577
Dwyane Wade,14.8,0.6,5.2,1.2,3.7,5.1,1.6,0.6,3.3,2.1,20.8,0.557,0.281,0.551,0.733,0.588
Dwyane Wade,16.5,1.5,10,1,3.5,7.2,2,1.2,4,2.2,26,0.511,0.266,0.502,0.807,0.583
Dwyane Wade,17.9,1.9,6.8,1.1,2.9,5.5,1.3,0.4,3.8,1.9,24.3,0.489,0.284,0.483,0.768,0.534
Dwyane Wade,18.2,0.7,6.7,1.4,3.5,5.6,1.3,0.7,3.3,1.9,22.6,0.464,0.179,0.457,0.787,0.516
Dwyane Wade,15.8,1.4,8.6,0.8,3.1,6.5,1.6,0.7,4.1,2.5,23.1,0.485,0.286,0.48,0.758,0.549
Dwyane Wade,17.3,3.3,9.1,1.1,3.6,7,2,1.3,3.2,2.1,28.2,0.524,0.317,0.516,0.765,0.574
Dwyane Wade,16.3,3.1,9.1,1.4,3.4,6.5,1.8,1.1,3.2,2.3,26.4,0.509,0.3,0.5,0.761,0.562
Dwyane Wade,15,2.6,8.3,1.6,4.6,4.4,1.4,1.1,3,2.5,24.8,0.534,0.306,0.523,0.758,0.581
Kiki Vandeweghe,18.4,0.6,6.9,1.5,3.9,2.5,0.8,0.5,2.2,2.5,27.1,0.556,0.294,0.552,0.875,0.613
Kiki Vandeweghe,20.7,0.4,7.6,1.1,3.8,3.1,0.7,0.7,2.1,2.5,30.2,0.562,0.367,0.562,0.852,0.618
Nick Van Exel,7.5,5.5,3,0.5,2.9,7.8,1.1,0.1,1.8,2.1,15.4,0.44,0.389,0.501,0.791,0.538
Kelly Tripucka,14.7,0.3,7.3,2.6,2.6,3.2,1,0.2,3.3,2.8,20.7,0.501,0.227,0.498,0.797,0.57
Kelly Tripucka,18.5,0.2,7.6,1.7,2.7,3.3,0.9,0.2,2.7,2.7,23.4,0.464,0.118,0.46,0.815,0.53
Andrew Toney,17.1,1.1,6,0.6,2.7,5.3,1.2,0.2,3.9,3.7,23.3,0.514,0.289,0.51,0.788,0.558
Andrew Toney,15.3,0.5,6.5,0.8,1.9,5.3,1,0.3,4.2,3.5,22.4,0.534,0.316,0.532,0.839,0.597
Otis Thorpe,11,0.1,5.5,3.4,6.8,2.9,0.6,0.4,2.8,3.6,16.7,0.596,0,0.592,0.657,0.619
Klay Thompson,11.1,8,3.8,0.4,3.2,3.3,1.3,0.9,2.2,1.8,24.5,0.481,0.439,0.555,0.879,0.591
David Thompson*,15.3,0.2,6.3,1.6,2.9,3.7,0.8,0.6,2.7,2.4,19.9,0.484,0.2,0.482,0.784,0.545
Isiah Thomas*,13.6,1.5,4.3,0.6,2.8,8.2,1.6,0.2,3.7,2.6,18,0.485,0.273,0.477,0.818,0.528
Isiah Thomas*,14.3,1.6,4.5,0.9,2.8,9.2,1.7,0.2,3.9,2.5,17.9,0.453,0.309,0.454,0.775,0.501
Isiah Thomas*,14.9,0.9,6.3,0.8,2.2,8.4,2.2,0.3,4.4,3.7,18.1,0.432,0.288,0.432,0.704,0.487
Isiah Thomas*,13,1.4,5,0.8,2.7,9.7,1.6,0.2,4,2.6,16.9,0.45,0.292,0.449,0.782,0.507
Isiah Thomas*,16.4,1.5,6,1.2,2.6,7.4,2.3,0.3,3.8,3.7,21.6,0.488,0.288,0.483,0.71,0.525
Isiah Thomas*,14.5,1.1,4.7,0.8,2.2,6.9,1.5,0.2,3.1,2.4,17.8,0.458,0.291,0.456,0.772,0.505
Isiah Thomas*,16.6,0.8,6.3,1.2,2.7,10.9,2.4,0.4,3.7,3.9,20.9,0.468,0.338,0.47,0.733,0.52
Isiah Thomas*,13.1,2.4,4.6,0.9,2,8.3,1.5,0.2,3.5,2.7,17.1,0.439,0.308,0.442,0.737,0.488
Isiah Thomas*,15.1,1.3,5.7,1.3,2.9,13.1,2.2,0.3,3.5,3.4,20,0.476,0.257,0.468,0.809,0.529
Isiah Thomas*,15,1.1,6,1.1,2.5,10.7,2.2,0.3,3.7,3.2,20.8,0.501,0.31,0.498,0.79,0.554
Isiah Thomas*,15,1.2,6.2,1,2.8,9.7,1.8,0.2,4.1,3,20,0.484,0.194,0.47,0.768,0.528
Isiah Thomas*,15.3,1.2,4.8,0.8,2.6,8.3,1.7,0.2,3.4,2.7,19.4,0.475,0.309,0.474,0.774,0.521
Isaiah Thomas,12.3,6.4,7.3,0.6,2.7,7,1.2,0.1,2.9,2.3,24.7,0.467,0.353,0.488,0.885,0.564
Reggie Theus,18.6,1.1,6.8,1.1,2.6,6.1,1.8,0.2,4,3.5,24.6,0.493,0.231,0.485,0.801,0.541
Reggie Theus,12.9,1.1,7,1.6,2.1,5.4,1.6,0.3,3.3,3.3,19.8,0.521,0.2,0.503,0.809,0.578
Jeff Teague,11,3.3,5.2,0.5,2.5,8.3,2,0.5,3.3,2.2,18.8,0.496,0.343,0.5,0.862,0.566
Giannis,11.6,1.2,5.2,1.4,6.3,4.1,1.2,1.4,2.5,3.3,17,0.537,0.195,0.513,0.727,0.56
Anthony Davis,17.4,0.2,6.8,2.5,7.7,2.2,1.5,2.9,1.4,2.1,24.3,0.54,0.083,0.536,0.805,0.591
Andre Drummond,14.4,0.1,8,5.4,10.9,0.9,1.6,1.5,2.1,3.4,18.2,0.53,0.333,0.53,0.361,0.506
Damian Lillard,9.7,7,4.9,0.6,4,6.2,1.2,0.3,2.7,2,21.2,0.5,0.343,0.506,0.864,0.56
Stephen Curry,9.5,11.8,5.6,0.9,4.8,7,2.3,0.2,3.4,2.1,31.9,0.576,0.45,0.631,0.902,0.672
Kristaps,11.3,1.4,4.2,2.3,6.9,1.6,0.9,2.4,2.1,3.6,18.1,0.454,0.333,0.467,0.838,0.518
Karl Towns,8.2,0.4,3.8,3.2,8.5,2.1,0.8,1.9,2.5,3.4,20.7,0.564,0.338,0.56,0.825,0.597
Klay Thompson,10.1,8.9,3.2,0.5,3.7,2.2,0.8,0.6,1.9,2.1,24.6,0.508,0.435,0.576,0.87,0.604